S.NO.,TEST CODE,INVESTIGETATION,SAMPLE TYPE,TEMPERATURE,SPECIAL INSTRUCTION FOR SAMPLE COLLECTION,METHOD,CUT OFF TIME,REPORTED ON,NET,MRP,NET % OF MRP
1,C001,17 - ALPHA OH PROGESTERONE - HORMONE ASSAYS,2 ml. (1 ml. Minimum) Serum,Refrigerated(2-8°C),,Enzyme linked immunosorben t assay (ELISA),4.30 PM,Next day Evening Except Sunday,700,1550,45.2%
2,C214,17-OH KETOSTEROIDS - 24Hrs. Urine,"20 ml. (10 ml. Minimum)
sterile, 24 Hour container. aliquot of urine in a
screw capped , Record 24",Refrigerated(2-8°C),"Add appropriate volume
of 50% HCL. to maintain pH below 5.
Record 24 Hour Urine",Column Chromatograp hy,4.30 PM,4th Working Day,3250,5250,61.9%
3,C217,5-ALPHA DHT (DI -HYDRO TESTOSTERONE) - HORMONE,2 ml. (1 ml. Minimum) Serum,Refrigerated(2-8°C),,Enzyme Immunoassay (EIA),4.30 PM,Next day Evening Except Sunday,1450,3150,46.0%
4,C188,5-HYDROXY INDOLE ACETIC ACID (5-HIAA),"50 ml. (10 ml. Minimum) well mixed aliquot of 24 Hour urine in a sterile screw
capped plastic container",Refrigerated(2-8°C),"The patient should strictly avoid plum, banana, Kiwis, walnut,
avocado  eggplant","High Performance Liquid
Chromatograp",4.30 PM,6th  Working day,2050,3050,67.2%
5,C224,"1, 25-Di HYDROXY CHOLECALCIFEROL
(Vitamin D3)",2 ml. (1 ml. Minimum) Serum,Refrigerated(2-8°C),,Enzyme linked immunosorben t assay (ELISA),4.30 PM,Next day Evening Except Sunday,1850,3250,56.9%
6,H056,ABSOLUTE EOSINOPHIL COUNT,3 ml. (2 ml. Minimum) Whole Blood in 1 EDTA tube.,Refrigerated(2-8°C),Do Not Freeze,Electronic Cell Counter & Microscopy,5.30 PM,Same Day,70,180,38.9%
7,H011,ABSOLUTE LYMPHOCYTE COUNT,3 ml. (2 ml. Minimum) Whole Blood in 1 EDTA tube.,Refrigerated(2-8°C),Do Not Freeze,Electronic Cell Counter & Microscopy,5.30 PM,Same Day,70,180,38.9%
8,H012,ABSOLUTE NEUTROPHIL COUNT,3 ml. (2 ml. Minimum) Whole Blood in 1 EDTA tube.,Refrigerated(2-8°C),Do Not Freeze,Electronic Cell Counter & Microscopy,5.30 PM,Same Day,70,180,38.9%
9,H061,ABSOLUTE RETICULOCYTE COUNT,3 ml. (2 ml. Minimum) Whole Blood in 1 EDTA tube.,Refrigerated(2-8°C),Do Not Freeze,Light Microscopy,5.30 PM,Same Day,90,200,45.0%
10,H550,ABSOLUTE WBC COUNT,3 ml. (2 ml. Minimum) Whole Blood in 1 EDTA tube.,Refrigerated(2-8°C),,Electronic Cell Counter & Microscopy,5.30 PM,,90,200,45.0%
11,C643,ACETONE,2 ml. (1 ml. Minimum) Serum,Refrigerated(2-8°C),,Biochemistry,4.30 PM,3rd Working Day,400,750,53.3%
12,C193,"ACETYLCHOLINE RECEPTOR ANTIBODIES
(MYASTHENIA GRAVIS)",2 ml. (1 ml. Minimum) Serum,Refrigerated(2-8°C),,Radio Immunoassay( RIA),4.30 PM,3rd working Day,3250,4650,69.9%
13,M002,ACID FAST SUSCEPTIBILITY - 10 DRUGS (BACTEC),Positive culture of any sample,AMBIENT (18-25° C),Send Sample In Sterile Container,Automated Sensitivity,4.30 PM,28th - 32nd Working Day,6250,10500,59.5%
14,M001,ACID FAST SUSCEPTIBILITY - 5 DRUGS (BACTEC),Positive culture of any sample,AMBIENT (18-25° C),Send Sample In Sterile Container,Automated Sensitivity,4.30 PM,28th - 32nd Working Day,3050,6250,48.8%
15,M004,ACID FAST SUSPECTIBILITY - 10 DRUGS. (L-J),Positive culture of any sample,AMBIENT (18-25° C),Send Sample In Sterile Container,Automated Sensitivity,4.30 PM,28th - 32nd Working Day,2550,4550,56.0%
16,M003,ACID FAST SUSPECTIBILITY - 5 DRUGS (L-J),Positive culture of any sample,AMBIENT (18-25° C),Send Sample In Sterile Container,Automated Sensitivity,4.30 PM,28th - 32nd Working Day,1450,3250,44.6%
17,C003,ACID PHOSPHATASE - TOTAL,2 ml. (1 ml. Minimum) Serum,Refrigerated(2-8°C),,Spectrophotom etry,5.30 PM,Same Day,175,400,43.8%
18,C010,ACTH (ADRENOCORTICOTROPIC HORMONE),2ml.(1ml. Minimum)EDTA Plasma/Serum,Refrigerated(2-8°C),,"Chemiluminesc
ence Immunoassay (CLIA)",4.30 PM,Next day Evening Except Sunday,825,2050,40.2%
19,H010,ACTIVATED PARTIAL THROMBOPLASTIN TIME(APTT/PTTK),"Preparation of PPP : Centrifuge the blood
sample at 3000rpm for 15 minutes within 1 hr. of collection to separate the plasma.
Transfer the Plasma obtained to a clean","Local samples: 2-8° C to reach lab in 3 hours. Outstation
samples:(-20°C)",,Triggered Coagulation & Clot Detection,5.30 PM,Same Day,150,500,30.0%
20,H175,ACUTE LEUKEMIA - MRD PANEL (MRD & RELAPSE),5ml.(3ml Minimum) blood in green top Heparin veil,Refrigerated(2-8°C),Brief clinical history mandatory,Flow Cytometry,4.30 PM,3rd Working Day,9250,13250,69.8%
21,H560,"ACUTE LEUKEMIA BASIC LINEAGE (T, B, MYELOID) PANEL",B.Marrow Heparinized,Refrigerated(2-8°C),Brief clinical history mandatory,Flow Cytometry,4.30 PM,3rd Working Day,5050,7550,66.9%
22,H180,ACUTE LEUKEMIA COMPREHENSIVE DIAGNOSTIC PANEL (ALL),B.Marrow Heparinized,Refrigerated(2-8°C),Brief clinical history mandatory,Flow Cytometry,4.30 PM,3rd Working Day,8150,11800,69.1%
23,H185,ACUTE LYMPHOBLASTIC LEUKEMIA (ALL) CHARACTERIZATION PANEL,"2 ml. (1 ml. Minimum) Whole blood (EDTA,or Heparin ), Plasma or Serum",Refrigerated(2-8°C),Brief clinical history mandatory,Flow Cytometry,4.30 PM,3rd Working Day,6850,10500,65.2%
24,P089,ACUTE MYELOID LEUKEMIA (AML) - FLT3 MUTATIONS,3 ml. (2 ml. Minimum) Whole Blood in 1 EDTA tube.,Refrigerated(2-8°C),Brief clinical history mandatory,FLOW CYTOMETRY,4.30 PM,3rd Working Day,3350,5850,57.3%
25,H174,ACUTE MYELOID LEUKEMIA (AML) CHARACTERIZATION PANEL,"2 ml. (1 ml. Minimum) Whole blood (EDTA,or Heparin ), Plasma or Serum",Refrigerated(2-8°C),Brief clinical history mandatory,Flow Cytometry,4.30 PM,3rd Working Day,6850,10500,65.2%
26,P092,ACUTE MYELOID LEUKEMIA (AML)-NPM1 GENE MUTATIONS,3 ml. (2 ml. Minimum) Whole Blood in 1 EDTA tube.,Refrigerated(2-8°C),Brief clinical history mandatory,FLOW CYTOMETRY,4.30 PM,3rd Working Day,2550,4550,56.0%
27,P037,ACUTE PROMYELOID LEUKEMIA (APML) - PML-RARA,3 ml. (2 ml. Minimum) Whole Blood in 1 EDTA tube.,Refrigerated(2-8°C),Brief clinical history mandatory,FLOW CYTOMETRY,4.30 PM,3rd Working Day,3750,5850,64.1%
28,C004,ADENOSINE DEAMINASE - ASCITIC FLUID,2 ml. (1 ml. Minimum)ASCITIC FLUID,Refrigerated(2-8°C),Haemolysed samples are not acceptable.,Chemiluminisc ence,5.30 PM,Same Day,230,600,38.3%
29,C253,ADENOSINE DEAMINASE - PLEURAL FLUID,2 ml. (1 ml. Minimum)PLEURAL FLUID,Refrigerated(2-8°C),Haemolysed samples are not acceptable.,Chemiluminisc ence,5.30 PM,Same Day,230,600,38.3%
30,C251,ADENOSINE DEAMINASE - SERUM,2 ml. (1 ml. Minimum) Serum,Refrigerated(2-8°C),Haemolysed samples are not acceptable.,Chemiluminisc ence,5.30 PM,Same Day,230,600,38.3%
31,C270,ADENOSINE DEAMINASE - SYNOVIAL FLUID,2 ml. (1 ml. Minimum) SYNOVIAL FLUID,Refrigerated(2-8°C),Haemolysed samples are not acceptable.,Chemiluminisc ence,5.30 PM,Same Day,230,600,38.3%
32,C252,ADENOSINE DEAMINASE (ADA)-CSF,"2 ml. (1 ml. Minimum) CSF in a sterile, leak - proof screw
capped, plastic container",Refrigerated(2-8°C),Haemolysed samples are not acceptable.,Chemiluminisc ence,5.30 PM,Same Day,230,600,38.3%
33,C250,ADENOSINE DEAMINASE- FLUID,2ml. (1 ml. Minimum) FLUID.,Refrigerated(2-8°C),Haemolysed samples are not acceptable.,Chemiluminisc ence,5.30 PM,Same Day,230,600,38.3%
34,C272,ADH (ANTIDIURETIC HORMONE) - HORMONE ASSAYS,2ml.(1ml. Minimum)EDTA Plasma/Serum,Refrigerated(2-8°C),,Radio Immunoassay,4.30 PM,Next day Evening Except Sunday,3750,5850,64.1%
35,M033,AFB (Ziehl Nelsen) STAIN,Any Sample,AMBIENT (18-25° C),Send Sample In Sterile Container,Light Microscopy,5.30 PM,Same Day,85,190,44.7%
36,M050,AFB BACTEC STAIN & MGIT CULTURE (ANY THREE SAMPLES),2 ml. (1 ml.  Minimum) Serum,AMBIENT (18-25° C),Send Sample In Sterile Container,Conventional culture and sensitivity,4.30 PM,4th TO 6th Week,750,1550,48.4%
37,M006,AFB CULTURE (L-J),Any Sample,AMBIENT (18-25° C),Send Sample In Sterile Container,Conventional culture and sensitivity,4.30 PM,6th TO 8th Week,300,700,42.9%
38,M048,AFB CULTURE (WITHOUT IDENTIFICATION),Any Sample,AMBIENT (18-25° C),Send Sample In Sterile Container,Conventional culture and sensitivity,4.30 PM,4th TO 6th Week,750,1550,48.4%
39,M005,AFB RAPID CULTURE (BD BACTEC MGIT),Any Sample,AMBIENT (18-25° C),Send Sample In Sterile Container,Conventional culture and sensitivity,4.30 PM,4th TO 6th Week,500,1150,43.5%
40,M065,"AFB SENSITIVITY, SINGLE DRUG : CIPROFLOXACIN",Positive culture of any sample,AMBIENT (18-25° C),Send Sample In Sterile Container,Automated Sensitivity,4.30 PM,28th - 32nd Working Day,1450,2650,54.7%
41,M061,"AFB SENSITIVITY, SINGLE DRUG
:CLOFAZIMINE",Positive culture of any sample,AMBIENT (18-25° C),Send Sample In Sterile Container,Automated Sensitivity,4.30 PM,28th - 32nd Working Day,1450,2650,54.7%
42,M056,"AFB SENSITIVITY, SINGLE DRUG
:ETHAMBUTOL",Positive culture of any sample,AMBIENT (18-25° C),Send Sample In Sterile Container,Automated Sensitivity,4.30 PM,28th - 32nd Working Day,1450,2650,54.7%
43,M059,"AFB SENSITIVITY, SINGLE DRUG
:ETHIONAMIDE",Positive culture of any sample,AMBIENT (18-25° C),Send Sample In Sterile Container,Automated Sensitivity,4.30 PM,28th - 32nd Working Day,1450,2650,54.7%
44,M054,"AFB SENSITIVITY, SINGLE DRUG
:ISONIAZID",Positive culture of any sample,AMBIENT (18-25° C),Send Sample In Sterile Container,Automated Sensitivity,4.30 PM,28th - 32nd Working Day,1450,2650,54.7%
45,M062,"AFB SENSITIVITY, SINGLE DRUG
:OFLOXACIN",Positive culture of any sample,AMBIENT (18-25° C),Send Sample In Sterile Container,Automated Sensitivity,4.30 PM,28th - 32nd Working Day,1450,2650,54.7%
46,M053,"AFB SENSITIVITY, SINGLE DRUG
:PYRAZINAMIDE",Positive culture of any sample,AMBIENT (18-25° C),Send Sample In Sterile Container,Automated Sensitivity,4.30 PM,28th - 32nd Working Day,1450,2650,54.7%
47,M057,"AFB SENSITIVITY,SINGLE DRUG
:KANAMYCINA",Positive culture of any sample,AMBIENT (18-25° C),Send Sample In Sterile Container,Automated Sensitivity,4.30 PM,28th - 32nd Working Day,1450,2650,54.7%
48,M055,"AFB SENSITIVITY,SINGLE DRUG
:RIFAMPICIN",Positive culture of any sample,AMBIENT (18-25° C),Send Sample In Sterile Container,Automated Sensitivity,4.30 PM,28th - 32nd Working Day,1450,2650,54.7%
49,A057-C,AFB STAIN,SLIDE/BLOCK/TISSUE,FORMALIN/ETHANO L- FIXATIVE,Brief clinical history mandatory,Microscopy,4.30 PM,2nd Working Day,425,850,50.0%
50,M058,"AFB-SUSCEPTIBILITY, SINGLE DRUG : AMIKACIN",Positive culture of any sample,AMBIENT (18-25° C),Send Sample In Sterile Container,Automated Sensitivity,4.30 PM,28th - 32nd Working Day,1450,2650,54.7%
51,M060,"AFB-SUSCEPTIBILITY, SINGLE DRUG : CAPREOMYCIN",Positive culture of any sample,AMBIENT (18-25° C),Send Sample In Sterile Container,Automated Sensitivity,4.30 PM,28th - 32nd Working Day,1450,2650,54.7%
52,M064,"AFB-SUSCEPTIBILITY, SINGLE DRUG : ERYTHROMYCIN",Positive culture of any sample,AMBIENT (18-25° C),Send Sample In Sterile Container,Automated Sensitivity,4.30 PM,28th - 32nd Working Day,1450,2650,54.7%
53,M066,"AFB-SUSCEPTIBILITY, SINGLE DRUG : LEVOFLOXACIN",Positive culture of any sample,AMBIENT (18-25° C),Send Sample In Sterile Container,Automated Sensitivity,4.30 PM,28th - 32nd Working Day,1450,2650,54.7%
54,M052,"AFB-SUSCEPTIBILITY, SINGLE DRUG : STREPTOMYCIN",Positive culture of any sample,AMBIENT (18-25° C),Send Sample In Sterile Container,Automated Sensitivity,4.30 PM,28th - 32nd Working Day,1450,2650,54.7%
55,M039,ALBERT STAIN (C.Diphtheriae),Swab,AMBIENT (18-25° C),Send Sample In Sterile Container,Light Microscopy,4.30 PM,Next day Evening Except Sunday,115,250,46.0%
56,C012,ALBUMIN,2 ml. (1 ml. Minimum) Serum,Refrigerated(2-8°C),"Overnight fasting
(10-12 Hrs) is preferred.",Chemiluminisc ence,5.30 PM,Same Day,60,150,40.0%
57,C236,ALBUMIN:GLOBULIN (A:G) RATIO,2 ml. (1 ml. Minimum) Serum,Refrigerated(2-8°C),,Spectrophotom etry,5.30 PM,Same Day,115,250,46.0%
58,A060,ALCIAN BLUE STAIN,Culture Specimen,Refrigerated(2-8°C),Brief clinical history mandatory,Microscopy,4.30 PM,Next day Evening Except Sunday,280,600,46.7%
59,C014,ALCOHOL,"2 ml. (1 ml. Minimum)Fluoride, Plasma or Serum",Refrigerated(2-8°C),Do not use spirit swab while collecting blood sample.,Spectrophotom etry,4.30 PM,Next day Evening Except Sunday,780,1600,48.8%
60,C016,ALDOLASE,2 ml. (1 ml. Minimum) Serum,Refrigerated(2-8°C),"Overnight fasting
(10-12 Hrs) is preferred..
Hemolysed
sample is not acceptable",Spectrophotom etry,4.30 PM,3rd Working Day,400,850,47.1%
61,C017,ALDOSTERONE (SERUM)- HORMONE ASSAYS,2 ml. (1 ml. Minimum) Serum,Refrigerated(2-8°C),,Enzyme linked immunosorben t assay (ELISA),4.30 PM,Next day Evening Except Sunday,850,2050,41.5%
62,C018,ALKALINE PHOSPHATASE (ALP),2 ml. (1 ml. Minimum) Serum,Refrigerated(2-8°C),"Overnight fasting
(10-12 Hrs) is preferred.",Spectrophotom etry(IFCC),5.30 PM,Same Day,60,150,40.0%
63,C019,ALLERGY - FOOD (FOOD+NON VEG),2 ml. (1 ml. Minimum) Serum,Refrigerated(2-8°C),Brief clinical history mandatory,"Chemiluminesc
ence Immunoassay (CLIA)",4.30 PM,3rd Working Day,2450,4850,50.5%
64,C021,ALLERGY - FOOD(VEG ONLY),2 ml. (1 ml. Minimum) Serum,Refrigerated(2-8°C),Brief clinical history mandatory,"Chemiluminesc
ence Immunoassay (CLIA)",4.30 PM,3rd Working Day,1750,4050,43.2%
65,C020,ALLERGY - INHALANT,2 ml. (1 ml. Minimum) Serum,Refrigerated(2-8°C),Brief clinical history mandatory,"Chemiluminesc
ence Immunoassay (CLIA)",4.30 PM,3rd Working Day,1750,4050,43.2%
66,C223,ALLERGY - WITHOUT DURGS (FOOD+INHALANT+NON VEG),2 ml. (1 ml. Minimum) Serum,Refrigerated(2-8°C),Brief clinical history mandatory,"Chemiluminesc
ence Immunoassay (CLIA)",4.30 PM,3rd Working Day,2850,6500,43.8%
67,C274,ALLERGY COMPREHENSIVE PANEL(FOOD+INHALANT+NON VEG+DRUG),2 ml. (1 ml. Minimum) Serum,Refrigerated(2-8°C),Brief clinical history mandatory,"Chemiluminesc
ence Immunoassay (CLIA)",4.30 PM,3rd Working Day,3250,8500,38.2%
68,C1257,ALLERGY CONTACTS,2 ml. (1 ml. Minimum) Serum,Refrigerated(2-8°C),Brief clinical history mandatory,"Chemiluminesc
ence Immunoassay (CLIA)",4.30 PM,3rd Working Day,2450,4850,50.5%
69,C290,ALLERGY DRUGS- 31 DRUGS,2 ml. (1 ml. Minimum) Serum,Refrigerated(2-8°C),Brief clinical history mandatory,"Chemiluminesc
ence Immunoassay (CLIA)",4.30 PM,3rd Working Day,2450,4850,50.5%
70,C1239,ALLERGY- WITHOUT NON VEG (FOOD+INHALANT),2 ml. (1 ml. Minimum) Serum,Refrigerated(2-8°C),Brief clinical history mandatory,"Chemiluminesc
ence Immunoassay (CLIA)",4.30 PM,3rd Working Day,2850,6500,43.8%
71,C278,ALPHA FETO PROTEIN (AFP) - TITRE,2 ml. (1 ml. Minimum) Serum,Refrigerated(2-8°C),Brief clinical history mandatory,"Chemiluminesc
ence Immunoassay (CLIA)",5.30 PM,Same Day,350,950,36.8%
72,C022,ALPHA FETO PROTEIN (AFP) TUMOR MARKER,2 ml. (1 ml. Minimum) Serum,Refrigerated(2-8°C),Brief clinical history mandatory,"Chemiluminesc
ence Immunoassay (CLIA)",5.30 PM,Same Day,280,850,32.9%
73,C023,ALPHA FETO PROTEIN (AFP)-ASCITIC FLUID,2ml.(1ml. Minimum)EDTA Plasma/Serum,Refrigerated(2-8°C),Brief clinical history mandatory,"Chemiluminesc
ence Immunoassay (CLIA)",5.30 PM,Same Day,300,850,35.3%
74,C234,ALPHA HYDROXY BUTYRATE DEHYDROGENASE (HBDH)- LDH -1,"2 ml. (1 ml. Minimum) Whole blood (EDTA ), Plasma or Serum",Refrigerated(2-8°C),,Spectrophotom etry,4.30 PM,3rd Working Day,400,850,47.1%
75,C260,ALPHA-1 ACID GLYCOPROTEIN,2 ml. (1 ml. Minimum) Serum,Refrigerated(2-8°C),,"Electro
Chemiluminesc ence Immunoassay",4.30 PM,3rd Working Day,1250,2450,51.0%
76,C024,ALPHA-1 ANTI TRYPSIN QUANTITATIVE,2 ml.(1 ml. Minimum) Serum,Refrigerated(2-8°C),,Nephelometry,4.30 PM,Same Day,950,1850,51.4%
77,C025,ALUMINIUM,2 ml.(1 ml. Minimum) Serum,Refrigerated(2-8°C),Do Not Use Aluminium Foil For Wrapping,"GraphiteFurnac eAtomicAbsorp tionSpectromet
ry(GFAAS)",4.30 PM,3rd Working Day,1250,2450,51.0%
78,C210,AMINOLVULINIC ACID (ALA),"15 ml.(10.0 ml. minimum) aliquot of Morning’s Midstream/Random Urine in
a sterile  leak - proof  screw",Refrigerated(2-8°C),Do Not Freeze,"GraphiteFurnac eAtomicAbsorp tionSpectromet
ry(GFAAS)",4.30 PM,Next day Evening Except Sunday,2650,4050,65.4%
79,P091,AML COMBO III,Bone Marrow 2ml. (1ml. Minimum) EDTA,Refrigerated(2-8°C),Brief clinical history mandatory,FLOW CYTOMETRY,4.30 PM,3rd Working Day,6850,9850,69.5%
80,H186,AML TRANSLOCATION PANEL,B.Marrow/P Bld. EDTA,Refrigerated(2-8°C),Brief clinical history mandatory,Multiplesx RT PCR,4.30 PM,3rd Working Day,2050,4850,42.3%
81,C026,AMMONIA,3 ml.(2 ml. Minimum) Whole Blood in 1 EDTA (Lavender top) tube,Refrigerated(2-8°C),"Avoid haemolysis.Separate plasma
immediately & transferonto ICE for transport.DO NOT FREEZE.Please mention time ofcollection of sample.",Spectrophotom etry,4.30 PM,Same Day,550,1050,52.4%
82,S242,AMOEBIC SEROLOGY(LIVER ABSCESS),LIVER ABCESS,Refrigerated(2-8°C),,Enzyme linked immunosorben t assay (ELISA),4.30 PM,Next day Evening Except Sunday,850,1850,45.9%
83,C027,AMYLASE,2 ml. (1 ml. Minimum) Serum,Refrigerated(2-8°C),,Spectrophotom etry,4.30 PM,Same Day,230,460,50.0%
84,C1322,AMYLASE - 24Hrs. Urine,"20 ml. (10 ml. Minimum)
sterile, 24 Hour container. aliquot of urine in a
screw capped , Record 24",Refrigerated(2-8°C),Do Not Freeze,Spectrophotom etry,4.30 PM,Same Day,230,460,50.0%
85,C1323,AMYLASE - URINE,"15 ml.(10.0 ml. minimum) aliquot of Morning’s Midstream/Random Urine in
a sterile  leak - proof  screw",Refrigerated(2-8°C),Do Not Freeze,Spectrophotom etry,4.30 PM,Same Day,230,460,50.0%
86,S116,ANA / ENA BLOT PROFILE - QUALITATIVE,2 ml. (1 ml. Minimum) Serum,Refrigerated(2-8°C),,Immuno Fluorescence,4.30 PM,Next day Evening Except Sunday,2250,5000,45.0%
87,C029,ANDROSTENEDIONE (A4) - HORMONE ASSAYS,2 ml. (1 ml. Minimum) Serum,Refrigerated(2-8°C),,"Chemiluminesc
ence Immunoassay (CLIA)",4.30 PM,Next day Evening Except Sunday,1040,2250,46.2%
88,C030,ANGIOTENSIN CONVERTING ENZYME (ACE),2 ml. (1 ml. Minimum) Serum,Refrigerated(2-8°C),"Overnight fasting
(10-12 Hrs) is preferred.",Spectrophotom etry,5.30 PM,Same Day,525,950,55.3%
89,S024,ANTI CARDIOLIPIN ANTIBODY IgA,2 ml. (1 ml. Minimum) Serum,Refrigerated(2-8°C),,Enzyme linked immunosorben t assay (ELISA),4.30 PM,Same Day,280,750,37.3%
90,S025,ANTI CARDIOLIPIN ANTIBODY IgG,2 ml. (1 ml. Minimum) Serum,Refrigerated(2-8°C),,Enzyme linked immunosorben t assay (ELISA),4.30 PM,Same Day,280,750,37.3%
91,S026,ANTI CARDIOLIPIN ANTIBODY IgM,2 ml. (1 ml. Minimum) Serum,Refrigerated(2-8°C),,Enzyme linked immunosorben t assay (ELISA),4.30 PM,Same Day,280,750,37.3%
92,AB003,ANTI CCP (ANTI CYCLIC CIRULLINATED PEPTIDE),2 ml. (1 ml. Minimum) Serum,Refrigerated(2-8°C),,Enzyme linked immunosorben t assay (ELISA),4.30 PM,Same Day,650,1300,50.0%
93,S004,ANTI CYSTICERCOSIS ANTIBODY (TAENIA SOLIUM)-IGG,2 ml. (1 ml. Minimum) Serum,Refrigerated(2-8°C),,Enzyme linked immunosorben t assay (ELISA),3.00 PM,Next day Evening Except Sunday,650,1500,43.3%
94,C1325,ANTI DNASE B,2 ml. (1 ml. Minimum) Serum,Refrigerated(2-8°C),,Agglutination,4.30 PM,Next day Evening Except Sunday,700,1450,48.3%
95,S006,ANTI DS DNA ANTIBODY,2 ml. (1 ml. Minimum) Serum,Refrigerated(2-8°C),,Enzyme linked immunosorben t assay (ELISA),4.30 PM,Next day Evening Except Sunday,350,850,41.2%
96,S005,ANTI DS- DNA ANTIBODY - TITRE,2 ml. (1 ml. Minimum) Serum,Refrigerated(2-8°C),,"IFA
(Immunofluore scenceAssay)",3.00 PM,,1500,2450,61.2%
97,S007,"ANTI DS DNA ANTIBODY, IFA - AUTO - IMMUNE TEST MEN",2 ml. (1 ml. Minimum) Serum,Refrigerated(2-8°C),,"IFA
(Immunofluore scenceAssay)",4.30 PM,2nd Working Day,950,1850,51.4%
98,S082,ANTI JO-1 ANTIBODY,2 ml. (1 ml. Minimum) Serum,Refrigerated(2-8°C),,Enzyme Immunoassay (EIA),4.30 PM,Next day Evening Except Sunday,1050,2050,51.2%
99,S008,ANTI MITOCHONDRIAL ANTIBODY,2 ml. (1 ml. Minimum) Serum,Refrigerated(2-8°C),"Overnight fasting
(10-12 Hrs) is preferred.","IFA
(Immunofluore scenceAssay)",4.30 PM,2nd Working Day,800,1800,44.4%
100,S009,ANTI MITOCHONDRIAL ANTIBODY - IFA,2 ml. (1 ml. Minimum) Serum,Refrigerated(2-8°C),"Overnight fasting
(10-12 Hrs) is preferred.","IFA
(Immunofluore scenceAssay)",4.30 PM,2nd Working Day,950,2050,46.3%
101,S110,ANTI MULLERIAN HORMONE (AMH),2 ml. (1 ml. Minimum) Serum,Refrigerated(2-8°C),Date Of Birth And LMP Required,"Electro
Chemiluminsce ne Assay (ECLIA)",5.30 PM,Same Day,950,1900,50.0%
102,S001,ANTI NEUTROPHILIC CYTOPLASMIC ANTIBODY (ANCA) -C,2 ml. (1 ml. Minimum) Serum,Refrigerated(2-8°C),,Enzyme linked immunosorben t assay (ELISA),4.30 PM,Next day Evening Except Sunday,550,1400,39.3%
103,S011,ANTI NEUTROPHILIC CYTOPLASMIC ANTIBODY (ANCA) TITRE,2 ml. (1 ml. Minimum) Serum,Refrigerated(2-8°C),,"IFA
(Immunofluore scenceAssay)",4.30 PM,2nd Working Day,1850,2850,64.9%
104,S010,ANTI NEUTROPHILIC CYTOPLASMIC ANTIBODY (ANCA)-IFA,2 ml. (1 ml. Minimum) Serum,Refrigerated(2-8°C),,Immunofluores cence-Microscopy,4.30 PM,2nd Working Day,900,2050,43.9%
105,S012,ANTI NUCLEAR ANTIBODY (ANA),2 ml. (1 ml. Minimum) Serum,Refrigerated(2-8°C),,Enzyme linked immunosorben t assay (ELISA),4.30 PM,Same Day,230,750,30.7%
106,S014,ANTI NUCLEAR ANTIBODY -TITRES,2 ml. (1 ml. Minimum) Serum,Refrigerated(2-8°C),,"IFA
(Immunofluore scenceAssay)",4.30 PM,3rd Working Day,1150,2550,45.1%
107,S013,ANTI NUCLEAR ANTIBODY-IFA,2 ml. (1 ml. Minimum) Serum,Refrigerated(2-8°C),,"IFA
(Immunofluore scenceAssay)",4.30 PM,2nd Working Day,450,1250,36.0%
108,S161,ANTI PHOSPHOLIPID ANTIBODY IgA,2 ml. (1 ml. Minimum) Serum,Refrigerated(2-8°C),,Enzyme linked immunosorben t assay (ELISA),4.30 PM,Same Day,280,750,37.3%
109,S015,ANTI PHOSPHOLIPID ANTIBODY IgG,2 ml. (1 ml. Minimum) Serum,Refrigerated(2-8°C),,Enzyme linked immunosorben t assay (ELISA),4.30 PM,Same Day,280,750,37.3%
110,S016,ANTI PHOSPHOLIPID ANTIBODY IGM,2 ml. (1 ml. Minimum) Serum,Refrigerated(2-8°C),,Enzyme linked immunosorben t assay (ELISA),4.30 PM,Same Day,280,750,37.3%
111,S202,ANTI SACCHROMYSES CEREVISIAE IgA (ASCA-IgA),2 ml. (1 ml. Minimum) Serum,Refrigerated(2-8°C),,Enzyme linked immunosorben t assay (ELISA),4.30 PM,2nd Working Day,800,2050,39.0%
112,S201,ANTI SACCHROMYSES CEREVISIAE IgG (ASCA- IgG),2 ml. (1 ml. Minimum) Serum,Refrigerated(2-8°C),,Enzyme linked immunosorben t assay (ELISA),4.30 PM,2nd Working Day,800,2050,39.0%
113,S017,ANTI SMOOTH ANTIBODY (ANTI SM),2 ml. (1 ml. Minimum) Serum,Refrigerated(2-8°C),,Enzyme Immunoassay (EIA),4.30 PM,Next day Evening Except Sunday,850,1850,45.9%
114,C284,ANTI SOLUBLE LIVER ANTIGEN (SLA),2 ml. (1 ml. Minimum) Serum,Refrigerated(2-8°C),"Overnight fasting
(10-12 Hrs) is preferred.",Enzyme linked immunosorben t assay (ELISA),4.30 PM,3rd Working Day,1150,1850,62.2%
115,S020,ANTI SPERM ANTIBODY - AUTO - IMMUNE TEST MENU,2 ml. (1 ml. Minimum) Serum,Refrigerated(2-8°C),,Enzyme linked immunosorben t assay (ELISA),4.30 PM,Next day Evening Except Sunday,400,1050,38.1%
116,S075,ANTI SS-A ANTIBODY,2 ml. (1 ml. Minimum) Serum,Refrigerated(2-8°C),,Enzyme Immunoassay (EIA),4.30 PM,Next day Evening Except Sunday,750,1650,45.5%
117,S076,ANTI SS-B ANTIBODY,2 ml. (1 ml. Minimum) Serum,Refrigerated(2-8°C),,Enzyme Immunoassay (EIA),4.30 PM,Next day Evening Except Sunday,750,1650,45.5%
118,C228,ANTI STREPTOLYSIN O (ASO) - QUALITATIVE,2 ml. (1 ml. Minimum) Serum,Refrigerated(2-8°C),,Slide Agglutination,4.30 PM,2nd Working Day,230,500,46.0%
119,C038,ANTI STREPTOLYSIN O (ASO) TITRE - QUANTITATIVE,2 ml. (1 ml. Minimum) Serum,Refrigerated(2-8°C),,Immunoturbidi metry,4.30 PM,2nd Working Day,280,600,46.7%
120,H013,ANTI THROMBIN III,"For PPP sample: 4 ml. (3 ml. Minimum) PPP
(Platelet Poor Plasma) from 2 Sodium Citrate tubes prepared within 1 hr of collection.
Aliquot PPP in 2 transport vials and FREEZE.",Refrigerated(2-8°C),,Turbidometry,4.30 PM,Next day Evening Except Sunday,1600,2850,56.1%
121,AB031,ANTI THYROGLOBULIN (ATG),2 ml. (1 ml. Minimum) Serum,Refrigerated(2-8°C),,"Chemiluminesc
ence Immunoassay (CLIA)",5.30 PM,Same Day,575,1450,39.7%
122,AB032,ANTI TPO (THYROID PEROXIDASE) ANTIBODY,2 ml. (1 ml. Minimum) Serum,Refrigerated(2-8°C),,"Chemiluminesc
ence Immunoassay (CLIA)",5.30 PM,Same Day,575,1450,39.7%
123,C1260,ANTI-MUSCLE SPECIFIC KINASE ANTIBODY(MUSK Ab)-MYASTHENIA GRAVIS,2 ml. (1 ml. Minimum) Serum,Refrigerated(2-8°C),,RIA,4.30 PM,3rd Working Day,5250,7500,70.0%
124,C033,APOLIPOPROTEIN A1 (APO-A1),2 ml. (1 ml. Minimum) Serum,Refrigerated(2-8°C),"Overnight fasting
(10-12 Hrs) is preferred.",Nephelometry,4.30 PM,Same Day,280,700,40.0%
125,C034,APOLIPOPROTEIN B (APO-B),2 ml. (1 ml. Minimum) Serum,Refrigerated(2-8°C),"Overnight fasting
(10-12 Hrs) is preferred.",Nephelometry,4.30 PM,Same Day,280,700,40.0%
126,C035,ARSENIC - BLOOD,2ml.(1ml. Minimum)WB-EDTA / WB-HEPARIN,Refrigerated(2-8°C),,ICP-OES,4.30 PM,3rd Working Day,1850,2850,64.9%
127,C036,ARSENIC - URINE,"15 ml.(10.0 ml. minimum) aliquot of Morning’s Midstream/Random Urine in
a sterile  leak - proof  screw",Refrigerated(2-8°C),Do Not Freeze,ICP-OES,4.30 PM,3rd Working Day,1850,2850,64.9%
128,C1311,ARTHRITIS (BONE PROFILE WITH RA - FACTOR),2 ml. (1 ml. Minimum) Serum,Refrigerated(2-8°C),Specify age and sex ontest requisition form.,Nephelometry,5.30 PM,Same Day,480,1050,45.7%
129,S019,ASMA (ANTI SMOOTH MUSCLE ANTIBODY),2 ml. (1 ml. Minimum) Serum,Refrigerated(2-8°C),,Immunofluores cence-Microscopy IFA,4.30 PM,2nd Working Day,950,2050,46.3%
130,S018,ASMA (ANTI SMOOTH MUSCLE ANTIBODY) TITRE,2 ml. (1 ml. Minimum) Serum,Refrigerated(2-8°C),,"IFA
(Immunofluore scenceAssay)",4.30 PM,2nd Working Day,1850,2850,64.9%
131,S200,ASPERGILLUS IGE ANTIBODY,2 ml. (1 ml. Minimum) Serum,Refrigerated(2-8°C),,Enzyme linked immunosorben t assay (ELISA),4.30 PM,Same Day,1050,2050,51.2%
132,S100,ASPERGILLUS IGG ANTIBODY,2 ml. (1 ml. Minimum) Serum,Refrigerated(2-8°C),,Enzyme linked immunosorben t assay (ELISA),4.30 PM,Same Day,1050,2050,51.2%
133,S119,ASPERGILLUS IGM ANTIBODY,2 ml. (1 ml. Minimum) Serum,Refrigerated(2-8°C),,Enzyme linked immunosorben t assay (ELISA),4.30 PM,Same Day,1050,2050,51.2%
134,M011,AURAMINE RHODAMINE STAIN,"2 ml. (1 ml. Minimum)sputum sample  in a sterile, leak - proof screw capped, plastic container.",AMBIENT (18-25° C),Send Sample In Sterile Container,Light Microscopy,4.30 PM,Next day Evening Except Sunday,115,250,46.0%
135,P023,BCR-ABL (CML) QUANTITATIVE,3 ml. (2 ml. Minimum) Whole Blood in 1 EDTA tube.,Refrigerated(2-8°C),,Transcript/Real Time PCR,4.30 PM,3rd Working Day,3550,5550,64.0%
136,R200,BCR-ABL FUSION TRANSCRIPT(IS),3 ml. (2 ml. Minimum) Whole Blood in 1 EDTA tube.,Refrigerated(2-8°C),,Transcript/Real Time PCR,4.30 PM,3rd Working Day,3550,5550,64.0%
137,R006,BCR-ABL GENE TRANSLOCATION BY FISH,Bone Marrow,Refrigerated(2-8°C),,FISH,4.30 PM,5th Working Day,3350,5050,66.3%
138,P196,BCR-ABL MULTIPLEX FOR DETECTION OF TRANSCRIPT,3 ml. (2 ml. Minimum) Whole Blood in 1 EDTA tube.,Refrigerated(2-8°C),,Transcript/Real Time PCR,4.30 PM,5th Working Day,3750,5850,64.1%
139,P035,BCR-ABL QUALITATIVE,3 ml. (2 ml. Minimum) Whole Blood in 1 EDTA tube.,Refrigerated(2-8°C),,Real Time PCR,4.30 PM,3rd Working Day,3250,4850,67.0%
140,C039,BENCE JONES PROTEIN - URINE,"15 ml.(10.0 ml. minimum) aliquot of Morning’s Midstream/Random Urine in
a sterile  leak - proof  screw",Refrigerated(2-8°C),Do Not Freeze,Chemical Method,4.30 PM,Same Day,230,550,41.8%
141,C216,BENZODIAZEPINES,2 ml. (1 ml. Minimum) Serum,Refrigerated(2-8°C),,"Chemiluminesc
ence Immunoassay (CLIA)",4.30 PM,Next day Evening Except Sunday,600,1050,57.1%
142,C282,BETA 2 GLYCOPROTEIN-1 ANTIBODY IGG,2 ml. (1 ml. Minimum) Serum,Refrigerated(2-8°C),,Enzyme linked immunosorben t assay (ELISA),4.30 PM,Next day Evening Except Sunday,850,1650,51.5%
143,C283,BETA 2 GLYCOPROTEIN-1 ANTIBODY IGM,2 ml. (1 ml. Minimum) Serum,Refrigerated(2-8°C),,Enzyme linked immunosorben t assay (ELISA),4.30 PM,Next day Evening Except Sunday,850,1650,51.5%
144,C040,BETA 2 MICROGLOBULIN - Serum,2 ml. (1 ml. Minimum) Serum,Refrigerated(2-8°C),,Electrochemilu minescence,4.30 PM,Next day Evening Except Sunday,800,1650,48.5%
145,C640,BETA 2 MICROGLOBULIN - URINE,"15 ml.(10.0 ml. minimum) aliquot of Morning’s Midstream/Random Urine in
a sterile  leak - proof  screw",Refrigerated(2-8°C),Do Not Freeze,"Chemiluminesc
ence Immunoassay (CLIA)",4.30 PM,Next day Evening Except Sunday,800,1550,51.6%
146,C259,BETA HCG-TITRE,2 ml. (1 ml. Minimum) Serum,Refrigerated(2-8°C),Date Of Birth And LMP Required,"Chemiluminesc
ence Immunoassay (CLIA)",5.30 PM,Same Day,400,850,47.1%
147,C041,BETA HUMAN CHORIONIC GONODOTROPIN (SERUM BETA HCG),2 ml. (1 ml. Minimum) Serum,Refrigerated(2-8°C),Date Of Birth And LMP Required,"Chemiluminesc
ence Immunoassay (CLIA)",5.30 PM,Same Day,200,600,33.3%
148,C042,BETA-HCG - TOTAL QUANTITATIVE (RANDOM URINE),"15 ml.(10.0 ml. minimum) aliquot of Morning’s Midstream/Random Urine in
a sterile  leak - proof  screw",Refrigerated(2-8°C),"Do Not Freeze, Date Of Birth And LMP Required","Chemiluminesc
ence Immunoassay (CLIA)",5.30 PM,Same Day,200,600,33.3%
149,C044,BICARBONATE,2 ml. (1 ml. Minimum) Serum,Refrigerated(2-8°C),,Spectrophotom etry,4.30 PM,Same Day,450,850,52.9%
150,C006,BILE ACIDS - TOTAL,2 ml. (1 ml. Minimum) Serum,Refrigerated(2-8°C),,Spectrophotom etry,4.30 PM,Same Day,1350,2450,55.1%
151,C045,BILIRUBIN - DIRECT,2 ml. (1 ml. Minimum) Serum,Refrigerated(2-8°C),Warp tube in Aluminium foil to protect from light,Colorimetric diazomethod,5.30 PM,Same Day,60,150,40.0%
152,C238,BILIRUBIN - INDIRECT,2 ml. (1 ml. Minimum) Serum,Refrigerated(2-8°C),Warp tube in Aluminium foil to protect from light,Colorimetric diazomethod,5.30 PM,Same Day,115,250,46.0%
153,C047,"BILIRUBIN - TOTAL, DIRECT & INDIRECT",2 ml. (1 ml. Minimum) Serum,Refrigerated(2-8°C),Warp tube in Aluminium foil to protect from light,Colorimetric diazomethod,5.30 PM,Same Day,150,350,42.9%
154,C046,BILIRUBIN -TOTAL,2 ml. (1 ml. Minimum) Serum,Refrigerated(2-8°C),Warp tube in Aluminium foil to protect from light,Colorimetric diazomethod,5.30 PM,Same Day,60,150,40.0%
155,A082,BIOPSY-  MEDIUM SPECIMEN  (> 2 CM & UPTO 5 CM),BIOPSY,FORMALIN/ETHANO L- FIXATIVE,"Brief clinical history
mandatory.Price will be applicable as per no. of slides/blocks",HPE,4.30 PM,6th Working Day,250,550,45.5%
156,A082-A,BIOPSY-  MEDIUM SPECIMEN  (> 2 CM & UPTO 5 CM)- A,BIOPSY,FORMALIN/ETHANO L- FIXATIVE,"Brief clinical history
mandatory.Price will be applicable as per no. of slides/blocks",HPE,4.30 PM,6th Working Day,300,650,46.2%
157,A082-B,BIOPSY-  MEDIUM SPECIMEN  (> 2 CM & UPTO 5 CM)-B,BIOPSY,FORMALIN/ETHANO L- FIXATIVE,"Brief clinical history
mandatory.Price will be applicable as per no. of slides/blocks",HPE,4.30 PM,6th Working Day,400,850,47.1%
158,A082-C,BIOPSY-  MEDIUM SPECIMEN  (> 2 CM & UPTO 5 CM)- C,BIOPSY,FORMALIN/ETHANO L- FIXATIVE,"Brief clinical history
mandatory.Price will be applicable as per no. of slides/blocks",HPE,4.30 PM,6th Working Day,500,1050,47.6%
159,A082-D,BIOPSY-  MEDIUM SPECIMEN  (> 2 CM & UPTO 5 CM)- D,BIOPSY,FORMALIN/ETHANO L- FIXATIVE,"Brief clinical history
mandatory.Price will be applicable as per no. of slides/blocks",HPE,4.30 PM,6th Working Day,800,1650,48.5%
160,A085,BIOPSY- CANCER SPECIMEN,BIOPSY,FORMALIN/ETHANO L- FIXATIVE,"Brief clinical history
mandatory.Price will be applicable as per no. of slides/blocks",HPE,4.30 PM,6th Working Day,900,1850,48.6%
161,A085-A,BIOPSY- CANCER SPECIMEN- A,BIOPSY,FORMALIN/ETHANO L- FIXATIVE,"Brief clinical history
mandatory.Price will be applicable as per no. of slides/blocks",HPE,4.30 PM,6th Working Day,1200,2450,49.0%
162,A085-B,BIOPSY- CANCER SPECIMEN- B,BIOPSY,FORMALIN/ETHANO L- FIXATIVE,"Brief clinical history
mandatory.Price will be applicable as per no. of slides/blocks",HPE,4.30 PM,6th Working Day,1500,3050,49.2%
163,A085-C,BIOPSY- CANCER SPECIMEN- C,BIOPSY,FORMALIN/ETHANO L- FIXATIVE,"Brief clinical history
mandatory.Price will be applicable as per no. of slides/blocks",HPE,4.30 PM,6th Working Day,2000,4050,49.4%
164,A085-D,BIOPSY- CANCER SPECIMEN- D,BIOPSY,FORMALIN/ETHANO L- FIXATIVE,"Brief clinical history
mandatory.Price will be applicable as per no. of slides/blocks",HPE,4.30 PM,6th Working Day,2500,5050,49.5%
165,A022,BIOPSY- EXTRA LARGE SPECIMEN,BIOPSY,FORMALIN/ETHANO L- FIXATIVE,"Brief clinical history
mandatory.Price will be applicable as per no. of slides/blocks",HPE,4.30 PM,6th Working Day,2000,4050,49.4%
166,A022-A,BIOPSY- EXTRA LARGE SPECIMEN (A),BIOPSY,FORMALIN/ETHANO L- FIXATIVE,"Brief clinical history
mandatory.Price will be applicable as per no. of slides/blocks",HPE,4.30 PM,6th Working Day,2500,5050,49.5%
167,A022-B,BIOPSY- EXTRA LARGE SPECIMEN (B),BIOPSY,FORMALIN/ETHANO L- FIXATIVE,"Brief clinical history
mandatory.Price will be applicable as per no. of slides/blocks",HPE,4.30 PM,6th Working Day,3000,6050,49.6%
168,A022-C,BIOPSY- EXTRA LARGE SPECIMEN (C)-,BIOPSY,FORMALIN/ETHANO L- FIXATIVE,"Brief clinical history
mandatory.Price will be applicable as per no. of slides/blocks",HPE,4.30 PM,6th Working Day,3500,7050,49.6%
169,A022-D,BIOPSY- EXTRA LARGE SPECIMEN (D)-4000,BIOPSY,FORMALIN/ETHANO L- FIXATIVE,"Brief clinical history
mandatory.Price will be applicable as per no. of slides/blocks",HPE,4.30 PM,6th Working Day,4000,8050,49.7%
170,A070,BIOPSY- KIDNEY,BIOPSY,FORMALIN/ETHANO L- FIXATIVE,"Brief clinical history
mandatory.Price will be applicable as per no. of slides/blocks",HPE,4.30 PM,6th Working Day,1150,2350,48.9%
171,A070-A,BIOPSY- KIDNEY-A,BIOPSY,FORMALIN/ETHANO L- FIXATIVE,"Brief clinical history
mandatory.Price will be applicable as per no. of slides/blocks",HPE,4.30 PM,6th Working Day,1200,2450,49.0%
172,A070-B,BIOPSY- KIDNEY-B,BIOPSY,FORMALIN/ETHANO L- FIXATIVE,"Brief clinical history
mandatory.Price will be applicable as per no. of slides/blocks",HPE,4.30 PM,6th Working Day,1500,3050,49.2%
173,A070-C,BIOPSY- KIDNEY-C,BIOPSY,FORMALIN/ETHANO L- FIXATIVE,"Brief clinical history
mandatory.Price will be applicable as per no. of slides/blocks",HPE,4.30 PM,6th Working Day,1800,3650,49.3%
174,A070-D,BIOPSY- KIDNEY-D,BIOPSY,FORMALIN/ETHANO L- FIXATIVE,"Brief clinical history
mandatory.Price will be applicable as per no. of slides/blocks",HPE,4.30 PM,6th Working Day,2000,4050,49.4%
175,A005,BIOPSY- LARGE SPECIMEN (> 5CM),BIOPSY,FORMALIN/ETHANO L- FIXATIVE,"Brief clinical history
mandatory.Price will be applicable as per no. of slides/blocks",HPE,4.30 PM,6th Working Day,600,1250,48.0%
176,A005-A,BIOPSY- LARGE SPECIMEN (> 5CM)-A,BIOPSY,FORMALIN/ETHANO L- FIXATIVE,"Brief clinical history
mandatory.Price will be applicable as per no. of slides/blocks",HPE,4.30 PM,6th Working Day,700,1450,48.3%
177,A005-B,BIOPSY- LARGE SPECIMEN (> 5CM)-B,BIOPSY,FORMALIN/ETHANO L- FIXATIVE,"Brief clinical history
mandatory.Price will be applicable as per no. of slides/blocks",HPE,4.30 PM,6th Working Day,800,1650,48.5%
178,A005-C,BIOPSY- LARGE SPECIMEN (> 5CM)-C,BIOPSY,FORMALIN/ETHANO L- FIXATIVE,"Brief clinical history
mandatory.Price will be applicable as per no. of slides/blocks",HPE,4.30 PM,6th Working Day,1000,2050,48.8%
179,A005-D,BIOPSY- LARGE SPECIMEN (> 5CM)-D,BIOPSY,FORMALIN/ETHANO L- FIXATIVE,"Brief clinical history
mandatory.Price will be applicable as per no. of slides/blocks",HPE,4.30 PM,6th Working Day,1200,2450,49.0%
180,A079,BIOPSY- SMALL SPECIMEN (< 2 CM),BIOPSY,FORMALIN/ETHANO L- FIXATIVE,"Brief clinical history
mandatory.Price will be applicable as per no. of slides/blocks",HPE,4.30 PM,6th Working Day,200,450,44.4%
181,A079-A,BIOPSY- SMALL SPECIMEN (< 2 CM)-A,BIOPSY,FORMALIN/ETHANO L- FIXATIVE,"Brief clinical history
mandatory.Price will be applicable as per no. of slides/blocks",HPE,4.30 PM,6th Working Day,250,550,45.5%
182,A079-B,BIOPSY- SMALL SPECIMEN (< 2 CM)-B,BIOPSY,FORMALIN/ETHANO L- FIXATIVE,"Brief clinical history
mandatory.Price will be applicable as per no. of slides/blocks",HPE,4.30 PM,6th Working Day,300,650,46.2%
183,A079-C,BIOPSY- SMALL SPECIMEN (< 2 CM)-C,BIOPSY,FORMALIN/ETHANO L- FIXATIVE,"Brief clinical history
mandatory.Price will be applicable as per no. of slides/blocks",HPE,4.30 PM,6th Working Day,400,950,42.1%
184,A079-D,BIOPSY- SMALL SPECIMEN (< 2 CM)-D,BIOPSY,FORMALIN/ETHANO L- FIXATIVE,"Brief clinical history
mandatory.Price will be applicable as per no. of slides/blocks",HPE,4.30 PM,6th Working Day,500,1050,47.6%
185,A009,BIOPSY- UTERUS,BIOPSY,FORMALIN/ETHANO L- FIXATIVE,"Brief clinical history
mandatory.Price will be applicable as per no. of slides/blocks",HPE,4.30 PM,6th Working Day,400,850,47.1%
186,A009-A,BIOPSY- UTERUS -A,BIOPSY,FORMALIN/ETHANO L- FIXATIVE,"Brief clinical history
mandatory.Price will be applicable as per no. of slides/blocks",HPE,4.30 PM,6th Working Day,500,1050,47.6%
187,A009-B,BIOPSY- UTERUS -B,BIOPSY,FORMALIN/ETHANO L- FIXATIVE,"Brief clinical history
mandatory.Price will be applicable as per no. of slides/blocks",HPE,4.30 PM,6th Working Day,650,1450,44.8%
188,A009-C,BIOPSY- UTERUS -C,BIOPSY,FORMALIN/ETHANO L- FIXATIVE,"Brief clinical history
mandatory.Price will be applicable as per no. of slides/blocks",HPE,4.30 PM,6th Working Day,800,1650,48.5%
189,A009-D,BIOPSY- UTERUS -D,BIOPSY,FORMALIN/ETHANO L- FIXATIVE,"Brief clinical history
mandatory.Price will be applicable as per no. of slides/blocks",HPE,4.30 PM,6th Working Day,1000,2050,48.8%
190,A008,BIOPSY-BONE,BIOPSY,FORMALIN/ETHANO L- FIXATIVE,"Brief clinical history
mandatory.Price will be applicable as per no. of slides/blocks",HPE,4.30 PM,6th Working Day,350,750,46.7%
191,A008-A,BIOPSY-BONE- A,BIOPSY,FORMALIN/ETHANO L- FIXATIVE,"Brief clinical history
mandatory.Price will be applicable as per no. of slides/blocks",HPE,4.30 PM,6th Working Day,500,1050,47.6%
192,A008-B,BIOPSY-BONE- B,BIOPSY,FORMALIN/ETHANO L- FIXATIVE,"Brief clinical history
mandatory.Price will be applicable as per no. of slides/blocks",HPE,4.30 PM,6th Working Day,650,1450,44.8%
193,A008-C,BIOPSY-BONE- C,BIOPSY,FORMALIN/ETHANO L- FIXATIVE,"Brief clinical history
mandatory.Price will be applicable as per no. of slides/blocks",HPE,4.30 PM,6th Working Day,800,1650,48.5%
194,A008-D,BIOPSY-BONE- D,BIOPSY,FORMALIN/ETHANO L- FIXATIVE,"Brief clinical history
mandatory.Price will be applicable as per no. of slides/blocks",HPE,4.30 PM,6th Working Day,1000,2050,48.8%
195,A071,BLOCKS (SINGLE BLOCK),Block(s),AMBIENT (18-25° C),"Brief clinical history
mandatory.Price will be applicable as per no. of slides/blocks",HPE,4.30 PM,6th Working Day,200,500,40.0%
196,A071-A,BLOCKS RETURN (2 to 5)- A,Block(s),AMBIENT (18-25° C),"Brief clinical history
mandatory.Price will be applicable as per no. of slides/blocks",HPE,4.30 PM,6th Working Day,250,550,45.5%
197,A071-B,BLOCKS RETURN (5 to 10)- B,Block(s),AMBIENT (18-25° C),"Brief clinical history
mandatory.Price will be applicable as per no. of slides/blocks",HPE,4.30 PM,6th Working Day,400,850,47.1%
198,A071-C,BLOCKS RETURN ( (MORE THAN 10)- C,Block(s),AMBIENT (18-25° C),"Brief clinical history
mandatory.Price will be applicable as per no. of slides/blocks",HPE,4.30 PM,6th Working Day,600,1250,48.0%
199,A020,BLOCKS/SLIDE FOR SECOND OPINION,Block(s),AMBIENT (18-25° C),"Brief clinical history
mandatory.Price will be applicable as per no. of slides/blocks",HPE,4.30 PM,3rd Working Day,350,800,43.8%
200,P204,BK POLIOMA VIRUS DNA BY REAL TIME PCR (PLASMA),3 ml. (2 ml. Minimum) Whole Blood in 1 EDTA tube.,Refrigerated(2-8°C),,Real Time PCR,4.30 PM,3rd Working Day,3100,5250,59.0%
201,H103,BLOOD (PNH) MARKER : CD 59,"2 ml. (1 ml. Minimum) Whole blood (EDTA,or Heparin ), Plasma or Serum",Refrigerated(2-8°C),,Multiplesx RT PCR,4.30 PM,2nd Working Day,1050,1550,67.7%
202,C186,BLOOD GLUCOSE - URINE,"15 ml.(10.0 ml. minimum) aliquot of Morning’s Midstream/Random Urine in
a sterile  leak - proof  screw",Refrigerated(2-8°C),DO NOT FREEZE,Reagent strip,5.30 PM,Same Day,35,100,35.0%
203,C101,BLOOD GLUCOSE FASTING,2 ml. (1 ml. Minimum)Plasma from 1 Sodium Fluoride tube.,Refrigerated(2-8°C),"Overnight fasting
(10-12 Hrs) is preferred.",Hexokinase,5.30 PM,Same Day,35,100,35.0%
204,C187,BLOOD GLUCOSE POST LUNCH - URINE,"15 ml.(10.0 ml. minimum) aliquot of Morning’s Midstream/Random Urine in
a sterile  leak - proof  screw",Refrigerated(2-8°C),Do Not Freeze,Reagent strip,5.30 PM,Same Day,35,100,35.0%
205,C103,BLOOD GLUCOSE PP,2 ml. (1 ml. Minimum)Plasma from 1 Sodium Fluoride tube.,Refrigerated(2-8°C),,Hexokinase,5.30 PM,Same Day,35,100,35.0%
206,C102,BLOOD GLUCOSE RANDOM,2 ml. (1 ml. Minimum)Plasma from 1 Sodium Fluoride tube.,Refrigerated(2-8°C),,Hexokinase,5.30 PM,Same Day,35,100,35.0%
207,H015,BLOOD GROUP (ABO & Rh TYPING),3 ml. (2 ml. Minimum) Whole Blood in 1 EDTA tube.,Refrigerated(2-8°C),Do Not Freeze,Latex Agglutination,5.30 PM,Same Day,45,100,45.0%
208,H016,BLOOD PICTURE - PERIPHERAL SMEAR EXAMINATION (P/S),3 ml. (2 ml. Minimum) Whole Blood in 1 EDTA tube.,Refrigerated(2-8°C),,Light Microscopy,4.30 PM,Same Day,100,300,33.3%
209,C1299,"BLOOD SUGAR 1,h (o-gtt, 1,h)",2 ml. (1 ml. Minimum)Plasma from 1 Sodium Fluoride tube.,Refrigerated(2-8°C),,Hexokinase,5.30 PM,Same Day,60,150,40.0%
210,C1300,"BLOOD SUGAR 2,h (o-gtt, 2,h)",2 ml. (1 ml. Minimum)Plasma from 1 Sodium Fluoride tube.,Refrigerated(2-8°C),,Hexokinase,5.30 PM,Same Day,60,150,40.0%
211,C1301,"BLOOD SUGAR 3,h (o-gtt, 3,h)",2 ml. (1 ml. Minimum)Plasma from 1 Sodium Fluoride tube.,Refrigerated(2-8°C),,Hexokinase,5.30 PM,Same Day,60,150,40.0%
212,C048,BLOOD UREA NITROGEN (BUN),2 ml. (1 ml. Minimum) Serum,Refrigerated(2-8°C),,Spectrophotom etry,5.30 PM,Same Day,60,150,40.0%
213,H017,BONE MARROW SMEAR MICROSCOPY EXAMINATION,Bone Marrow 2ml. (1ml. Minimum) EDTA,Refrigerated(2-8°C),Brief clinical history mandatory,Light Microscopy,4.30 PM,Next day Evening Except Sunday,175,450,38.9%
214,S021,BRUCELLA IgG & IgM AGGLUTINATION TEST - INFECTIOUS DISEASES,2 ml. (1 ml. Minimum) Serum,Refrigerated(2-8°C),,Enzyme linked immunosorben t assay (ELISA),4.30 PM,Next day Evening Except Sunday,1500,3250,46.2%
215,S022,BRUCELLA IGG ANTIBODIES - INFECTIOUS DISEASES,2 ml. (1 ml. Minimum) Serum,Refrigerated(2-8°C),,Enzyme linked immunosorben t assay (ELISA),4.30 PM,Next day Evening Except Sunday,850,1850,45.9%
216,S023,BRUCELLA IGM ANTIBODIES - INFECTIOUS DISEASES,2 ml. (1 ml. Minimum) Serum,Refrigerated(2-8°C),,Enzyme linked immunosorben t assay (ELISA),4.30 PM,Next day Evening Except Sunday,850,1850,45.9%
217,P021,"BRUCELLA, DNA PCR - QUALITATIVE","2 ml. (1 ml. Minimum) Whole blood (EDTA ), Plasma or Serum",Refrigerated(2-8°C),,Multiplesx RT PCR,4.30 PM,Next day Evening Except Sunday,2050,4050,50.6%
218,A087,BUCCAL SMEAR FOR BARR BODIES (SEX CHROMATIN),Smear,AMBIENT (18-25° C),Brief clinical history mandatory,Microscopy,5.30 PM,Same Day,280,650,43.1%
219,A107,BUCCAL SMEAR FOR CYTOLOGY,Swab,Refrigerated(2-8°C),Brief clinical history mandatory,Light Microscopy,4.30 PM,Next day Evening Except Sunday,200,450,44.4%
220,C1237,BUN/CREATININE RATIO,2 ml. (1 ml. Minimum) Serum,Refrigerated(2-8°C),,"Calculated
Spectro-photometry Jaffe Kinetic",5.30 PM,Same Day,175,400,43.8%
221,IH001,"C1 ESTERASE INHIBITOR, SERUM BY NEPHELOMETRY",2 ml. (1 ml. Minimum) Serum,Refrigerated(2-8°C),,,4.30 PM,Next day Evening Except Sunday,2850,4150,68.7%
222,C069,C3 COMPLEMENT COMPONENT,2 ml. (1 ml. Minimum) Serum,Refrigerated(2-8°C),"Overnight fasting ispreferred. Separate Serum within 1 hour
ofcollection",Immunoturbidi metry,4.30 PM,Same Day,230,650,35.4%
223,C070,C4 COMPLEMENT COMPONENT,2 ml. (1 ml. Minimum) Serum,Refrigerated(2-8°C),"Overnight fasting
(10-12 Hrs) is preferred. Separate
Serum within 1 hour",Immunoturbidi metry,4.30 PM,Same Day,230,650,35.4%
224,C138,CA 72.4 (GASTRIC CANCER) - CANCER MARKERS,2 ml. (1 ml. Minimum) Serum,Refrigerated(2-8°C),Brief clinical history mandatory,Electrochemilu minescence/ELI SA,4.30 PM,Next day Evening Except Sunday,1350,2550,52.9%
225,C049,CA125,2 ml. (1 ml. Minimum) Serum,Refrigerated(2-8°C),,"Chemiluminesc
ence Immunoassay (CLIA)",5.30 PM,Same Day,280,850,32.9%
226,C050,CA15.3 (BREAST CANCER) - CANCER MARKERS,2 ml. (1 ml. Minimum) Serum,Refrigerated(2-8°C),Brief clinical history mandatory,"Chemiluminesc
ence Immunoassay (CLIA)",4.30 PM,Next day Evening Except Sunday,575,1450,39.7%
227,C051,CA19.9 (PANCREATIC CANCER) - CANCER MARKERS,2 ml. (1 ml. Minimum) Serum,Refrigerated(2-8°C),Brief clinical history mandatory,"Chemiluminesc
ence Immunoassay (CLIA)/ELISA",4.30 PM,Next day Evening Except Sunday,575,1450,39.7%
228,C052,CADMIUM,2ml.(1ml. Minimum)WB-EDTA / WB-HEPARIN,Refrigerated(2-8°C),,Spectrophotom etry,4.30 PM,3rd Working Day,1050,2050,51.2%
229,C083,CALCITONIN,2 ml. (1 ml. Minimum) Serum,Refrigerated(2-8°C),,"Chemiluminesc
ence Immunoassay (CLIA)/ELISA",4.30 PM,Next day Evening Except Sunday,1050,2250,46.7%
230,C054,CALCIUM,2 ml. (1 ml. Minimum) Serum,Refrigerated(2-8°C),"Overnight fasting
(10-12 Hrs) is preferred.",Chemiluminisc ence,5.30 PM,Same Day,60,150,40.0%
231,C055,CALCIUM 24 Hrs. URINE,"20 ml. (10 ml. Minimum)
sterile, 24 Hour container. aliquot of urine in a
screw capped , Record 24",Refrigerated(2-8°C),Do Not Freeze,Chemiluminisc ence,5.30 PM,Same Day,100,250,40.0%
232,C190,CALCIUM IONIZED,2 ml. (1 ml. Minimum) Serum,Refrigerated(2-8°C),"Overnight fasting
(10-12 Hrs) is preferred.",Ion Selective Electrode,5.30 PM,Same Day,230,550,41.8%
233,C1314,CALCIUM URINE SPOT,"15 ml.(10.0 ml. minimum) aliquot of Morning’s Midstream/Random Urine in
a sterile  leak - proof  screw",Refrigerated(2-8°C),Do Not Freeze,Chemiluminisc ence,5.30 PM,Same Day,60,150,40.0%
234,C279,CALCIUM/CREATNINE RATIO SPOT URINE,"15 ml.(10.0 ml. minimum) aliquot of Morning’s Midstream/Random Urine in
a sterile  leak - proof  screw",Refrigerated(2-8°C),Do Not Freeze,Chemiluminisc ence,5.30 PM,Same Day,115,250,46.0%
235,C056,CARBAMAZEPINE (TEGRETOL/MAZETOL/CARBATOL),2 ml. (1 ml. Minimum) Serum,Refrigerated(2-8°C),,Immunoturbo metry,4.30 PM,Next day Evening Except Sunday,375,950,39.5%
236,C293,CATECHOLAMINES - 24 HRS. Urine,"20 ml. (10 ml. Minimum)
sterile, 24 Hour container. aliquot of urine in a
screw capped , Record 24",Refrigerated(2-8°C),Do Not Freeze,ELISA/HPLC,4.30 PM,3rd Working Day,2850,4850,58.8%
237,C310,CATECHOLAMINES - PLASMA,2ml.(1ml. Minimum)EDTA Plasma/Serum,Refrigerated(2-8°C),,ELISA/HPLC,4.30 PM,3rd Working Day,2850,4850,58.8%
238,H196,CD - 57,"2 ml. (1 ml. Minimum) Whole blood (EDTA,or Heparin ), Plasma or Serum",Refrigerated(2-8°C),Brief clinical history mandatory,Flow Cytometry,4.30 PM,2nd Working Day,1050,1550,67.7%
239,H067,CD 1A (PAN T - CELL MARKER),"2 ml. (1 ml. Minimum) Whole blood (EDTA,or Heparin ), Plasma or Serum",Refrigerated(2-8°C),Brief clinical history mandatory,Flow Cytometry,4.30 PM,2nd Working Day,1050,1550,67.7%
240,H019,CD3 ABSOLUTE COUNT,3 ml. (2 ml. Minimum) Whole Blood in 1 EDTA tube.,Refrigerated(2-8°C),,Flow Cytometry,4.30 PM,Next day Evening Except Sunday,850,1650,51.5%
241,H020,CD3/CD4/CD8,3 ml. (2 ml. Minimum) Whole Blood in 1 EDTA tube.,Refrigerated(2-8°C),Brief clinical history mandatory,Flow Cytometry-BD FACSC Calibur,4.30 PM,Next day Evening Except Sunday,950,1850,51.4%
242,H021,CD4 ABSOLUTE COUNT,"2 ml. (1 ml. Minimum) Whole blood (EDTA,or Heparin ), Plasma or Serum",Refrigerated(2-8°C),,Flow Cytometry,4.30 PM,Next day Evening Except Sunday,850,1650,51.5%
243,H548,CD4 ABSOLUTE COUNT(CD4),5ml (3ml. Minimum) EDTA plasma.,Refrigerated(2-8°C),,Flow Cytometry,4.30 PM,Next day Evening Except Sunday,800,1500,53.3%
244,C057,CEA (CARCINO EMBRYONIC ANTIGEN) - CANCER MARKERS,2 ml. (1 ml. Minimum) Serum,Refrigerated(2-8°C),,Electrochemilu minescence,5.30 PM,Same Day,280,850,32.9%
245,S102,CENTROMERE ANTIBODY IGG,2 ml. (1 ml. Minimum) Serum,Refrigerated(2-8°C),,Enzyme linked immunosorben t assay (ELISA),4.30 PM,Next day Evening Except Sunday,1050,2050,51.2%
246,C058,CERULOPLASMIN,2 ml. (1 ml. Minimum) Serum,Refrigerated(2-8°C),,Immunoturbidi metry,5.30 PM,Same Day,575,1200,47.9%
247,P201,CHIKUNGUNIYA - PCR - QUALITATIVE,"2 ml. (1 ml. Minimum) Whole blood (EDTA ), Plasma or Serum","FROZEN  (-20°C) in
dry ice.",Prices are applicable as per Gov. Norms,Real Time PCR,4.30 PM,Next day Evening Except Sunday,2450,3850,63.6%
248,S113,CHIKUNGUNYA IGM ANTIBODY - INFECTIOUS DISEASES,2 ml. (1 ml. Minimum) Serum,Refrigerated(2-8°C),Prices are applicable as per Gov. Norms,Lateral Flow Chromatograp hy,5.30 PM,Next day Evening Except Sunday,280,700,40.0%
249,S247,CHIKUNGUNYA IGM ANTIBODY - INFECTIOUS DISEASES by ELISA,2 ml. (1 ml. Minimum) Serum,Refrigerated(2-8°C),Prices are applicable as per Gov. Norms,Enzyme linked immunosorben t assay (ELISA),4.30 PM,Next day Evening Except Sunday,300,800,37.5%
250,S108,CHLAMYDIA IGA ANTIBODIES,2 ml. (1 ml. Minimum) Serum,Refrigerated(2-8°C),,Enzyme linked immunosorben t assay (ELISA),4.30 PM,Next day Evening Except Sunday,1350,2450,55.1%
251,S141,CHLAMYDIA IGM ANTIBODIES,2 ml. (1 ml. Minimum) Serum,Refrigerated(2-8°C),,Enzyme linked immunosorben t assay (ELISA),4.30 PM,Next day Evening Except Sunday,1350,2450,55.1%
252,S143,"CHLAMYDIA, IgG ANTIBODY",2 ml. (1 ml. Minimum) Serum,Refrigerated(2-8°C),,Enzyme linked immunosorben t assay (ELISA),4.30 PM,Next day Evening Except Sunday,1350,2070,65.2%
253,C059,CHLORIDE,2 ml. (1 ml. Minimum) Serum,Refrigerated(2-8°C),,Ion Selective Electrode,5.30 PM,Same Day,60,180,33.3%
254,C060,CHLORIDE - FLUID,"For Body Fluid: 5 ml. (2 ml. Minimum) Miscellaneous Body Fluids i.e. (Ascitic,
Pleural   Peritoneal  Pericardial",Refrigerated(2-8°C),Do Not Freeze,ICT,5.30 PM,Same Day,115,250,46.0%
255,C061,CHLORIDE - URINE,"15 ml.(10.0 ml. minimum) aliquot of Morning’s Midstream/Random Urine in
a sterile  leak - proof  screw",Refrigerated(2-8°C),Do Not Freeze,ISE DIRECT,5.30 PM,Same Day,60,150,40.0%
256,C063,CHOLESTEROL - HDL,2 ml. (1 ml. Minimum) Serum,Refrigerated(2-8°C),"Overnight fasting
(10-12 Hrs) is preferred.",Spectrophotom etry,5.30 PM,Same Day,90,200,45.0%
257,C062,CHOLESTEROL -TOTAL,2 ml. (1 ml. Minimum) Serum,Refrigerated(2-8°C),"Overnight fasting
(10-12 Hrs) is preferred.",Spectrophotom etry,5.30 PM,Same Day,60,150,40.0%
258,C247,CHOLESTEROL/HDL RATIO,2 ml. (1 ml. Minimum) Serum,Refrigerated(2-8°C),,Spectrophotom etry,5.30 PM,Same Day,175,350,50.0%
259,C064,CHOLESTEROL-LDL,2 ml. (1 ml. Minimum) Serum,Refrigerated(2-8°C),"Overnight fasting
(10-12 Hrs) is preferred.",Spectrophotom etry,5.30 PM,Same Day,90,200,45.0%
260,C246,CHOLESTEROL-LDL/ HDL RATIO,2 ml. (1 ml. Minimum) Serum,Refrigerated(2-8°C),"Overnight fasting
(10-12 Hrs) is preferred.",Calculated,5.30 PM,Same Day,175,350,50.0%
261,C1315,CHOLESTEROL-NON HDL,2 ml. (1 ml. Minimum) Serum,Refrigerated(2-8°C),"Overnight fasting
(10-12 Hrs) is preferred.",SPECTROPHOT OMETRY,4.30 PM,Same Day,175,350,50.0%
262,C1259,CHOLESTROL - URINE,"15 ml.(10.0 ml. minimum)
aliquot of Morning’s Midstream/Random Urine in a sterile, leak - proof, screw",Refrigerated(2-8°C),Do Not Freeze,Spectrophotom etry,5.30 PM,Same Day,115,250,46.0%
263,C065,CHOLINESTERASE,2 ml. (1 ml. Minimum) Serum,Refrigerated(2-8°C),Specify age and sex on test requisition form.,Spectrophotom etry,4.30 PM,3rd Working Day,300,650,46.2%
264,C066,CHROMIUM,2ml.(1ml. Minimum)WB-EDTA / WB-HEPARIN,Refrigerated(2-8°C),"Use powderless
glovesduringphlebotomy. Patientshould refrain frommineral supplements 3",ICPMS/AAS,4.30 PM,3rd Working Day,1050,2050,51.2%
265,C067,CHROMIUM - URINE,"15 ml.(10.0 ml. minimum)
aliquot of Morning’s Midstream/Random Urine in a sterile, leak - proof, screw",Refrigerated(2-8°C),Do Not Freeze,ICPMS/AAS,4.30 PM,3rd Working Day,1050,2050,51.2%
266,C309,CHROMOGRANIN A,2 ml. (1 ml. Minimum) Serum,Refrigerated(2-8°C),,Enzyme linked immunosorben t assay (ELISA),4.30 PM,2nd Working Day,3850,6500,59.2%
267,R001,CHROMOSOME ANALYSIS - BLOOD,"2 ml. (1 ml. Minimum) Whole blood (EDTA,or Heparin ), Plasma or Serum",Refrigerated(2-8°C),,Karyotyping,4.30 PM,12th Working Day,1800,2850,63.2%
268,R002,CHROMOSOME ANALYSIS - BONE MARROW,Bone Marrow,Refrigerated(2-8°C),,Karyotyping,4.30 PM,12th Working Day,2050,3250,63.1%
269,R197,CHROMOSOME ANALYSIS BY AMNOTIC FLUID,2ml. (1 ml. Minimum) FLUID.,Refrigerated(2-8°C),,Karyotyping,4.30 PM,12th Working Day,2050,3250,63.1%
270,R003,"CHROMOSOME ANALYSIS, PRODUCTS OF CONCEPTION(POC) BY NGS","2 ml. (1 ml. Minimum) Whole blood (EDTA,or Heparin ), Plasma or Serum",Refrigerated(2-8°C),,Next Generation Sequencing,4.30 PM,21th Working Day,4850,7250,66.9%
271,S081,"CIRCULATING IMMUNOCOMPLEX (CIC)-
IgM",2 ml. (1 ml. Minimum) Serum,Refrigerated(2-8°C),,Enzyme linked immunosorben t assay (ELISA),4.30 PM,3rd Working Day,1150,2450,46.9%
272,C320,CITRATE 24 Hrs. Urine,"20 ml. (10 ml. Minimum)
sterile, 24 Hour container. aliquot of urine in a
screw capped , Record 24",Refrigerated(2-8°C),Do not use preservatives,Spectrophotom etry,4.30 PM,Next day Evening Except Sunday,650,1250,52.0%
273,C331,CK - MM,2 ml. (1 ml. Minimum) Serum,Refrigerated(2-8°C),,Spectrophotom etry,,Same Day,5850,8550,68.4%
274,H082,CLL SEGREGATION MARKER : CD 23,"2 ml. (1 ml. Minimum) Whole blood (EDTA,or Heparin ), Plasma or Serum",Refrigerated(2-8°C),Brief clinical history mandatory,Flow Cytometry,4.30 PM,Next day Evening Except Sunday,1050,1550,67.7%
275,H101,CLONAL RESTRICTION / B - CELL MATURITY MARKER : KAPPA LIGHT CHAIN,"2 ml. (1 ml. Minimum) Whole blood (EDTA,or Heparin ), Plasma or Serum",Refrigerated(2-8°C),Brief clinical history mandatory,Flow Cytometry,4.30 PM,2nd Working Day,1050,1550,67.7%
276,H102,CLONAL RESTRICTION / B - CELL MATURITY MARKER : LAMBDA LIGHT CHAIN,"2 ml. (1 ml. Minimum) Whole blood (EDTA,or Heparin ), Plasma or Serum",Refrigerated(2-8°C),Brief clinical history mandatory,Flow Cytometry,4.30 PM,2nd Working Day,1050,1550,67.7%
277,H100,CLONAL RESTRICTION / B - CELL MATURITY MARKER : SURFACE IGG,"2 ml. (1 ml. Minimum) Whole blood (EDTA,or Heparin ), Plasma or Serum",Refrigerated(2-8°C),Brief clinical history mandatory,Flow Cytometry,4.30 PM,2nd Working Day,1050,1550,67.7%
278,H071,CLONAL RESTRICTION / B - CELL MATURITY MARKER : SURFACE IGM,"2 ml. (1 ml. Minimum) Whole blood (EDTA,or Heparin ), Plasma or Serum",Refrigerated(2-8°C),Brief clinical history mandatory,Flow Cytometry,4.30 PM,2nd Working Day,1050,1550,67.7%
279,H112,CLONAL RESTRICTION / PRE B - CELL ALL PROGNOSTIC MARKER : CYTOPLASMIC IGM,"2 ml. (1 ml. Minimum) Whole blood (EDTA,or Heparin ), Plasma or Serum",Refrigerated(2-8°C),Brief clinical history mandatory,Flow Cytometry,4.30 PM,2nd Working Day,1050,1550,67.7%
280,S238,COELIAC FUSION TTG+DGP,2 ml. (1 ml. Minimum) Serum,Refrigerated(2-8°C),,Enzyme linked immunosorben t assay (ELISA),4.30 PM,Next day Evening Except Sunday,850,1850,45.9%
281,H023,COMPLETE BLOOD COUNT (CBC),"3 ml.(2 ml. Minimum) Whole blood in 1
EDTA (Lavender Top) tube and 2 unstained peripheral blood smears, air dried & sent in a slide mailer",Refrigerated(2-8°C),"Does not include ESR.
Includes - Haemoglobin, PCV, RBC Count, Total Leukocyte Count, MCV,",Coulter Principle (Impedance),5.30 PM,Same Day,115,300,38.3%
282,H116,"COMPLETE BLOOD COUNT (CBC) WITH
P/S","3 ml.(2 ml. Minimum) Whole blood in 1
EDTA (Lavender Top) tube and 2 unstained peripheral blood smears, air dried & sent in a slide mailer",Refrigerated(2-8°C),,Coulter Principle (Impedance),5.30 PM,Same Day,130,350,37.1%
283,H024,COOMB S TEST DIRECT,3 ml. (2 ml. Minimum) Whole Blood in 1 EDTA tube.,Refrigerated(2-8°C),,Gel Microtyping,5.30 PM,Same Day,175,550,31.8%
284,H025,COOMB S TEST INDIRECT,2 ml. (1 ml. Minimum) Serum,Refrigerated(2-8°C),,Gel Microtyping,5.30 PM,Same Day,175,550,31.8%
285,C072,COPPER - 24Hrs Urine,"20 ml. (10 ml. Minimum)
sterile, 24 Hour container. aliquot of urine in a
screw capped , Record 24",Refrigerated(2-8°C),Do Not Freeze,"GraphiteFurnac eAtomicAbsorp tionSpectromet
ry(GFAAS)",4.30 PM,Next day Evening Except Sunday,550,1450,37.9%
286,C071,COPPER - SERUM,2 ml. (1 ml. Minimum) Serum,Refrigerated(2-8°C),,"GraphiteFurnac eAtomicAbsorp tionSpectromet
ry(GFAAS)",4.30 PM,Next day Evening Except Sunday,550,1450,37.9%
287,C074,CORTISOL  (7 TO 9 AM),2 ml. (1 ml. Minimum) Serum,Refrigerated(2-8°C),,"Chemiluminesc
ence Immunoassay (CLIA)",5.30 PM,Same Day,250,600,41.7%
288,C1320,CORTISOL - 24 Hrs. Urine,"20 ml. (10 ml. Minimum)
sterile, 24 Hour container. aliquot of urine in a
screw capped , Record 24",Refrigerated(2-8°C),Do Not Freeze,"Chemiluminesc
ence Immunoassay (CLIA)",5.30 PM,Same Day,280,650,43.1%
289,C075,CORTISOL - URINE,"15 ml.(10.0 ml. minimum) aliquot of Morning’s Midstream/Random Urine in
a sterile  leak - proof  screw",Refrigerated(2-8°C),Do Not Freeze,"Chemiluminesc
ence Immunoassay (CLIA)",5.30 PM,Same Day,280,650,43.1%
290,C073,CORTISOL ( 3 TO 5 PM),2 ml. (1 ml. Minimum) Serum,Refrigerated(2-8°C),,"Chemiluminesc
ence Immunoassay (CLIA)",5.30 PM,Same Day,250,600,41.7%
291,C294,CORTISOL- SPOT URINE,"15 ml.(10.0 ml. minimum) aliquot of Morning’s Midstream/Random Urine in
a sterile  leak - proof  screw",Refrigerated(2-8°C),Do Not Freeze,"Chemiluminesc
ence Immunoassay (CLIA)",5.30 PM,Same Day,250,600,41.7%
292,C194,"CORTISOL/CREATININE RATIO - 24Hrs
Urine","20 ml. (10 ml. Minimum)
sterile, 24 Hour container. aliquot of urine in a
screw capped , Record 24",Refrigerated(2-8°C),Do Not Freeze,"Chemiluminesc
ence Immunoassay (CLIA)",5.30 PM,Same Day,400,750,53.3%
293,C076,C-PEPTIDE,2 ml. (1 ml. Minimum) Serum,Refrigerated(2-8°C),,"Chemiluminesc
ence Immunoassay (CLIA)",5.30 PM,Same Day,450,1250,36.0%
294,C078,CREATINE KINASE MB (CK-MB),2 ml. (1 ml. Minimum) Serum,Refrigerated(2-8°C),,"Chemiluminesc enceMicroparti cle
Immunoassay(",5.30 PM,Same Day,175,400,43.8%
295,C079,CREATININE,2 ml. (1 ml. Minimum) Serum,Refrigerated(2-8°C),,Jaffe Kinetic/Spectro photometry,5.30 PM,Same Day,60,150,40.0%
296,C080,CREATININE - 24Hr. Urine,"20 ml. (10 ml. Minimum)
sterile, 24 Hour container. aliquot of urine in a
screw capped , Record 24",Refrigerated(2-8°C),Do Not Freeze,Modified jaffe Kinetic/Spectro photometry,5.30 PM,Same Day,115,250,46.0%
297,C082,CREATININE KINASE (CPK),2 ml. (1 ml. Minimum) Serum,Refrigerated(2-8°C),,"IFCC, UV
Kinetic/Spectro photometry",5.30 PM,Same Day,130,350,37.1%
298,C1294,CREATININE URINE SPOT,"15 ml.(10.0 ml. minimum) aliquot of Morning’s Midstream/Random Urine in
a sterile  leak - proof  screw",Refrigerated(2-8°C),Do Not Freeze,Spectrophotom etry,5.30 PM,Same Day,115,250,46.0%
299,C081,CREATNINE CLEARANCE TEST,"15 ml.(10.0 ml. minimum) aliquot of Morning’s Midstream/Random Urine in
a sterile  leak - proof  screw",Refrigerated(2-8°C),Do Not Freeze,Modified jaffe Kinetic/Spectro photometry,5.30 PM,Same Day,175,450,38.9%
300,C077,CRP QUALITATIVE,2 ml. (1 ml. Minimum) Serum,Refrigerated(2-8°C),,Immunoturbidi metry,5.30 PM,Same Day,175,450,38.9%
301,C1288,CRP QUANTITATIVE,2 ml. (1 ml. Minimum) Serum,Refrigerated(2-8°C),,Turbidimetric Immunoassay,5.30 PM,Same Day,230,550,41.8%
302,C287,CRYOGLOBULINS SCREENING(QUALITATIVE),2 ml. (1 ml. Minimum) Serum,Refrigerated(2-8°C),,"Chemiluminesc
ence Immunoassay (CLIA)/Precipita",4.30 PM,Next day Evening Except Sunday,750,1650,45.5%
303,S027,CRYPTOCOCCUS ANTIGEN,"2 ml. (1 ml. Minimum) CSF in a sterile, leak - proof screw
capped, plastic container",Refrigerated(2-8°C),,Agglutination,4.30 PM,Next day Evening Except Sunday,1050,2050,51.2%
304,H065,CSF FLUID CELL COUNT,"2 ml. (1 ml. Minimum) CSF in a sterile, leak - proof screw
capped, plastic container",Refrigerated(2-8°C),,Microscopy,5.30 PM,Same Day,115,250,46.0%
305,M051,CULTURE -  BODY FLUID (BD BACTEC),2ml. (1 ml. Minimum) FLUID.,AMBIENT (18-25° C),Send Sample In Sterile Container,MGIT,5.30 PM,5th Working Day,490,800,61.3%
306,M024,CULTURE -  THROAT SWAB (AEROBIC),Endo/Tissue/Swab/CSF,AMBIENT (18-25° C),Send Sample In Sterile Container,Conventional culture and sensitivity,5.30 PM,3rd Working Day,230,690,33.3%
307,M013,CULTURE -  URINE (AEROBIC 12 DRUGS),"10 ml.(5 ml. Minimum)Aliquot of Morning’s Ist voided Midstream Urine in a sterile,
screw capped container",Refrigerated(2-8°C),"Do Not Freeze,Send Sample In Sterile Container",Sensitivity,5.30 PM,3rd Working Day,175,400,43.8%
308,M043,CULTURE - AEROBIC (OT SWAB),Swab,AMBIENT (18-25° C),Send Sample In Sterile Container,Conventional culture and sensitivity,5.30 PM,3rd Working Day,230,550,41.8%
309,M021,CULTURE - AEROBIC (PUS),Pus,AMBIENT (18-25° C),Send Sample In Sterile Container,Conventional culture and sensitivity,5.30 PM,3rd Working Day,230,550,41.8%
310,M014,CULTURE - BLOOD (AEROBIC),6ml.(5ml Minimum) blood in green top Heparin veil,AMBIENT (18-25° C),Send Adequate Blood In Blood Culture Bottle.,Conventional culture and sensitivity,5.30 PM,7th Working Day,400,750,53.3%
311,M008,CULTURE - BLOOD (ANAEROBIC),6ml.(5ml Minimum) blood in green top Heparin veil,AMBIENT (18-25° C),Send Adequate Blood In Anaerobic Blood Culture Bottle,Conventional Anaerobic Culture,5.30 PM,7th Working Day,550,850,64.7%
312,M042,CULTURE - BLOOD  (BD BACTEC),6ml.(5ml Minimum) blood in green top Heparin veil,AMBIENT (18-25° C),Send Adequate Blood In Blood Culture Bottle.,MGIT,5.30 PM,5th Working Day,490,800,61.3%
313,M015,CULTURE - BODY FLUIDS (AEROBIC),2ml. (1 ml. Minimum) FLUID.,AMBIENT (18-25° C),Send Sample In Sterile Container,Conventional culture and sensitivity,5.30 PM,3rd Working Day,230,550,41.8%
314,M012,CULTURE - CERVICAL SWAB (AEROBIC),Swab,AMBIENT (18-25° C),Send Sample In Sterile Container,Conventional culture and sensitivity,5.30 PM,3rd Working Day,230,550,41.8%
315,M016,CULTURE - CSF (AEROBIC),"2 ml. (1 ml. Minimum) CSF in a sterile, leak - proof screw
capped, plastic container",AMBIENT (18-25° C),Send Sample In Sterile Container,Conventional culture and sensitivity,5.30 PM,3rd Working Day,230,550,41.8%
316,M017,CULTURE - EAR SWAB (AEROBIC),Swab,AMBIENT (18-25° C),Send Sample In Sterile Container,Conventional culture and sensitivity,5.30 PM,3rd Working Day,230,550,41.8%
317,M018,CULTURE-  EYE SWAB (AEROBIC),Swab,AMBIENT (18-25° C),Send Sample In Sterile Container,Conventional culture and sensitivity,5.30 PM,3rd Working Day,230,550,41.8%
318,M019,CULTURE - MISCELLANEOUS (AEROBIC),Any Sample,AMBIENT (18-25° C),Send Sample In Sterile Container,Conventional culture and sensitivity,5.30 PM,3rd Working Day,230,550,41.8%
319,M020,CULTURE - NASAL SWAB (AEROBIC),Swab,AMBIENT (18-25° C),Send Sample In Sterile Container,Conventional culture and sensitivity,5.30 PM,3rd Working Day,230,550,41.8%
320,M022,CULTURE - SEMEN (AEROBIC),"2 ml. (1 ml. minimum) Semen in a sterile, leak - proof, container. screw capped,
plastic cont",AMBIENT (18-25° C),Send Sample In Sterile Container,Conventional culture and sensitivity,5.30 PM,3rd Working Day,230,550,41.8%
321,M023,CULTURE - SPUTUM (AEROBIC),"2 ml. (1 ml. Minimum) sputum sample  in a
sterile, leak - proof screw capped, plastic container.",AMBIENT (18-25° C),Send Sample In Sterile Container,Conventional culture and sensitivity,5.30 PM,3rd Working Day,230,550,41.8%
322,M026,CULTURE - STOOL (AEROBIC),"5ml (3ml. Minimum) Stool in a leak-proof, plastic, screw capped container. Do not use match box or absorbant material",AMBIENT (18-25° C),Send Sample In Sterile Container,Conventional culture and sensitivity,5.30 PM,3rd Working Day,230,690,33.3%
323,M046,CULTURE - SWAB (AEROBIC),Any Sample,AMBIENT (18-25° C),Send Sample In Sterile Container,Conventional culture and sensitivity,5.30 PM,3rd Working Day,230,230,100.0%
324,M190,CULTURE - SWAB (ANAEROBIC),Swab,AMBIENT (18-25° C),Send Sample In Sterile Container,Conventional culture and sensitivity,5.30 PM,7th Working Day,550,850,64.7%
325,M038,CULTURE - URINE (AEROBIC 22 DRUGS),"10 ml.(5 ml. Minimum)Aliquot of Morning’s Ist voided Midstream Urine in a sterile,
screw capped container",Refrigerated(2-8°C),"Do Not Freeze,Send Sample In Sterile Container",Sensitivity,5.30 PM,3rd Working Day,250,550,45.5%
326,M025,CULTURE - VAGINAL SWAB (AEROBIC),Vaginal Swab,AMBIENT (18-25° C),Send Sample In Sterile Container,Conventional culture and sensitivity,5.30 PM,3rd Working Day,230,550,41.8%
327,M009,CULTURE- PUS/BODY FLUIDS(ANAREOBIC),2ml. (1 ml. Minimum) FLUID.,AMBIENT (18-25° C),Send Sample In Sterile Container,Conventional culture and sensitivity,5.30 PM,7th Working Day,550,850,64.7%
328,M047,CULTURE -RO WATER,3 ml. (2ml. Minimum) RO water in tightly capped container,Refrigerated(2-8°C),Send Sample In Sterile Container,Conventional culture,5.30 PM,3rd Working Day,450,850,52.9%
329,M045,CULTURE -SPUTUM (ANAEROBIC),"2 ml. (1 ml. Minimum) sputum sample  in a
sterile, leak - proof screw capped, plastic container.",AMBIENT (18-25° C),Send Sample In Sterile Container,Conventional culture and sensitivity,5.30 PM,7th Working Day,550,850,64.7%
330,M007,CULTURE- STOOL (ANAEROBIC),"5ml (3ml. Minimum) Stool in a leak-proof, plastic, screw capped container. Do not use match box or absorbant material",AMBIENT (18-25° C),Send Sample In Sterile Container,Conventional culture and sensitivity,5.30 PM,7th Working Day,550,850,64.7%
331,M044,CULTURE URINE-QUALITATIVE,"15 ml.(10.0 ml. minimum) aliquot of Morning’s Midstream/Random Urine in
a sterile  leak - proof  screw",Refrigerated(2-8°C),Send Sample In Sterile Container,Conventional culture and sensitivity,5.30 PM,3rd Working Day,115,350,32.9%
332,C1251,CYCLOSPORINE CO LEVEL,3 ml. (2 ml. Minimum) Whole Blood in 1 EDTA tube.,Refrigerated(2-8°C),,"Chemiluminesc enceMicroparti cle
Immunoassay(",4.30 PM,2nd Working Day,2250,3250,69.2%
333,C244,CYFRA 21.1 (LUNG CANCER) - CANCER MARKERS,2 ml. (1 ml. Minimum) Serum,Refrigerated(2-8°C),,"Chemiluminesc
ence Immunoassay (CLIA)/ELISA",4.30 PM,2nd Working Day,2150,4550,47.3%
334,C243,CYSTATIN C,2 ml. (1 ml. Minimum) Serum,Refrigerated(2-8°C),"Do Not Freeze,Send Sample In Sterile Container",Spectrophotom etry,4.30 PM,3rd Working Day,1050,2050,51.2%
335,A004,CYTOLOGICAL EVALUATION-MALIGNANT CELLS,FLUID,AMBIENT (18-25° C),Brief clinical history mandatory,Microscopy,5.30 PM,Same Day,230,550,41.8%
336,A001,CYTOLOGY -FLUIDS,2ml. (1 ml. Minimum) FLUID.,AMBIENT (18-25° C),Brief clinical history mandatory,Microscopy,5.30 PM,Same Day,230,550,41.8%
337,A003,CYTOLOGY -PAP,Smear,Refrigerated(2-8°C),Brief clinical history mandatory,Light Microscopy,4.30 PM,Next day Evening Except Sunday,200,550,36.4%
338,P018,CYTOMEGALOVIRUS DNA PCR - QUALITATIVE,Any Sample,Refrigerated(2-8°C),,Real Time PCR,4.30 PM,Next day Evening Except Sunday,2450,3850,63.6%
339,P202,CYTOMEGALOVIRUS DNA PCR QUANTITATIVE (VIRAL LOAD),"2 ml. (1 ml. Minimum) Whole blood (EDTA ), Plasma or Serum",Refrigerated(2-8°C),,Real Time PCR,4.30 PM,Next day Evening Except Sunday,2850,4850,58.8%
340,S087,CYTOMEGALOVIRUS IGG - CSF,"2 ml. (1 ml. Minimum) CSF in a sterile, leak - proof screw
capped, plastic container",Refrigerated(2-8°C),,Enzyme linked immunosorben t assay (ELISA),4.30 PM,Same Day,230,750,30.7%
341,S088,CYTOMEGALOVIRUS IGM - CSF,"2 ml. (1 ml. Minimum) CSF in a sterile, leak - proof screw
capped, plastic container",Refrigerated(2-8°C),,Enzyme linked immunosorben t assay (ELISA),4.30 PM,Same Day,230,750,30.7%
342,S028,"CYTOMEGALOVIRUS, IGG ANTIBODY",2 ml. (1 ml. Minimum) Serum,Refrigerated(2-8°C),,Enzyme linked immunosorben t assay (ELISA),4.30 PM,Same Day,115,550,20.9%
343,S029,"CYTOMEGALOVIRUS, IGM ANTIBODY",2 ml. (1 ml. Minimum) Serum,Refrigerated(2-8°C),,Enzyme linked immunosorben t assay (ELISA),4.30 PM,Same Day,115,550,20.9%
344,C084,D DIMER,3 ml. Whole blood in 1 Sodium Citrate (Light Blue Top) tube.,Refrigerated(2-8°C),,Immunoturbidi metry,5.30  PM,Same Day,650,1500,43.3%
345,C1285,D-DIMER,3 ml. Whole blood in 1 Sodium Citrate (Light Blue Top) tube.,Refrigerated(2-8°C),,Immunochrom atography,5.30 PM,Same Day,525,1250,42.0%
346,C085,DEHYDROEPIANDROSTERONE (DHEA),2 ml. (1 ml. Minimum) Serum,Refrigerated(2-8°C),,Enzyme linked immunosorben t assay (ELISA),4.30 PM,Next day Evening Except Sunday,1250,2850,43.9%
347,C086,DEHYDROEPIANDROSTERONE SULPHATE(DHEA-S),2 ml. (1 ml. Minimum) Serum,Refrigerated(2-8°C),,Electrochemilu minescence,5.30  PM,Same Day,400,1050,38.1%
348,P025,DENGUE - RNA PCR - QUALITATIVE,"2 ml. (1 ml. Minimum) Whole blood (EDTA ), Plasma or Serum","FROZEN  (-20°C) in
dry ice.",Prices are applicable as per Gov. Norms,Real Time PCR,4.30 PM,Next day Evening Except Sunday,2450,3850,63.6%
349,S128,DENGUE IgG,2 ml. (1 ml. Minimum) Serum,Refrigerated(2-8°C),Prices are applicable as per Gov. Norms,Enzyme linked immunosorben t assay (ELISA),4.30 PM,Same Day,400,950,42.1%
350,S030,DENGUE IgG & IgM ANTIBODY,2 ml. (1 ml. Minimum) Serum,Refrigerated(2-8°C),Prices are applicable as per Gov. Norms,Enzyme linked immunosorben t assay (ELISA),4.30 PM,Same Day,700,1650,42.4%
351,S233,DENGUE IgG (Qualitative),2 ml. (1 ml. Minimum) Serum,Refrigerated(2-8°C),Prices are applicable as per Gov. Norms,Immuno chromatograph y,5.30 PM,Same Day,350,850,41.2%
352,S127,DENGUE IgM,2 ml. (1 ml. Minimum) Serum,Refrigerated(2-8°C),Prices are applicable as per Gov. Norms,Enzyme linked immunosorben t assay (ELISA),4.30 PM,Same Day,400,950,42.1%
353,S234,DENGUE IgM (Qualitative),2 ml. (1 ml. Minimum) Serum,Refrigerated(2-8°C),Prices are applicable as per Gov. Norms,Immuno chromatograph y,5.30 PM,Same Day,350,850,41.2%
354,S114,DENGUE NS1 ANTIGEN,2 ml. (1 ml. Minimum) Serum,Refrigerated(2-8°C),Prices are applicable as per Gov. Norms,Enzyme linked immunosorben t assay (ELISA),4.30 PM,Same Day,400,950,42.1%
355,S229,DENGUE NS1(Qualitative),2 ml. (1 ml. Minimum) Serum,Refrigerated(2-8°C),Prices are applicable as per Gov. Norms,Immunochrom atography,4.30 PM,Same Day,350,850,41.2%
356,H026,DIFFERENTIAL LEUCOCYTE COUNT (DLC),"3 ml.(2 ml. Minimum) Whole blood in 1
EDTA (Lavender Top) tube and 2 unstained peripheral blood smears, air dried & sent in a slide mailer",Refrigerated(2-8°C),Do Not Freeze,"Microscopy/
VCS
Technology Microscopy",5.30 PM,Same Day,70,180,38.9%
357,C087,DIGOXIN Level,2 ml. (1 ml. Minimum) Serum,Refrigerated(2-8°C),,"Chemiluminesc
ence Immunoassay (CLIA)/Immuno",4.30 PM,Next day Evening Except Sunday,350,950,36.8%
358,H109,DNA PLOIDY & S PHASE - LEUKEMIA,3 ml. (2 ml. Minimum) Whole Blood in 1 EDTA tube.,Refrigerated(2-8°C),Brief clinical history mandatory,Real Time PCR/Flow Cytometry,4.30 PM,3rd Working Day,1850,2850,64.9%
359,A075,DNA PLOIDY & S PHASE - SOLID TUMORS,BIOPSY,FORMALIN/ETHANO L- FIXATIVE,Brief clinical history mandatory,HPE,,,1850,2850,64.9%
360,C500,DRUG OF ABUSE (QUALITATIVE)- 10 DRUGS,"15 ml.(10.0 ml. minimum) aliquot of Morning’s Midstream/Random Urine in
a sterile  leak - proof  screw",Refrigerated(2-8°C),Do not use preservatives,"Double
Indicators Test Refractometric Lateral Flow",5.30 PM,Same Day,2850,4850,58.8%
361,C218,DRUG OF ABUSE (QUALITATIVE)- 6 DRUGS,"10 ml.(5 ml. Minimum)Aliquot of Morning’s Ist voided Midstream Urine in a sterile,
screw capped container",Refrigerated(2-8°C),Do Not Freeze,"Lateral Flow
Immuno Chromatograp hy",5.30 PM,Same Day,850,1800,47.2%
362,H556,ECHINOCOCCUS (HYDATIC CYST) DETECTION,2ml. (1 ml. Minimum) FLUID.,Refrigerated(2-8°C),Do Not Freeze,Microscopy,4.30 PM,Next day Evening Except Sunday,400,850,47.1%
363,S097,"ECHINOCOCCUS ANTIBODY, IGG (HYDATID SEROLOGY)",2 ml. (1 ml. Minimum) Serum,Refrigerated(2-8°C),,Enzyme linked immunosorben t assay (ELISA),4.30 PM,Next day Evening Except Sunday,750,1850,40.5%
364,C208,EGFR (ESTIMATED GLOMERULAR FILTRATION RATE),2 ml. (1 ml. Minimum) Serum,Refrigerated(2-8°C),,"Spectrophotom
etry Spectro-photometry Spectrophotom",5.30 PM,Same Day,250,600,41.7%
365,C1312,ELECTROLYTE PLUS PROFILE,2 ml. (1 ml. Minimum) Serum,Refrigerated(2-8°C),,"Ion Selective
Electrode Spectrophotom etry",5.30 PM,Same Day,400,950,42.1%
366,S086,ENDOMYSIAL ANTIBODY IGA IFA,2 ml. (1 ml. Minimum) Serum,Refrigerated(2-8°C),,"IFA
(Immunofluore scenceAssay)",4.30 PM,Next day Evening Except Sunday,800,1650,48.5%
367,S089,"ENTAMOEBA HISTOLYTICA (AMEBIASIS), ANTIBODY, IGG",2 ml. (1 ml. Minimum) Serum,Refrigerated(2-8°C),,Enzyme linked immunosorben t assay (ELISA),4.30 PM,Next day Evening Except Sunday,750,1850,40.5%
368,H007,ENTAMOEBA HISTOLYTICA DETECTION,2 ml. (1 ml. Minimum) Serum,Refrigerated(2-8°C),,Enzyme linked immunosorben t assay (ELISA),4.30 PM,Next day Evening Except Sunday,450,1050,42.9%
369,P199,EPSTEIN BAR VIRUS(EBV) DNA QUALITATIVE TEST BY REAL TIME PCR,3 ml. (2 ml. Minimum) Whole Blood in 1 EDTA tube.,Refrigerated(2-8°C),,Real Time PCR,4.30 PM,3rd Working Day,2450,3850,63.6%
370,S094,EPSTEIN BARR VIRUS IGG (VIRAL CAPSID AG) - INFECTION,2 ml. (1 ml. Minimum) Serum,Refrigerated(2-8°C),,Enzyme linked immunosorben t assay (ELISA),4.30 PM,Next day Evening Except Sunday,1150,2250,51.1%
371,S095,EPSTEIN BARR VIRUS IGM ANTIBODY,2 ml. (1 ml. Minimum) Serum,Refrigerated(2-8°C),,Enzyme linked immunosorben t assay (ELISA),4.30 PM,Next day Evening Except Sunday,1150,2250,51.1%
372,H027,ERYTHROCYTE COUNT (RBC COUNT),3 ml. (2 ml. Minimum) Whole Blood in 1 EDTA tube.,Refrigerated(2-8°C),Do Not Freeze,Cell Counter,5.30 PM,Same Day,70,180,38.9%
373,H028,ERYTHROCYTE SEDIMENTATION RATE (ESR),3 ml.(2 ml. Minimum) Fasting  Whole blood in 1 EDTA (Lavender Top),Refrigerated(2-8°C),Do Not Freeze,"Westergren
Flocculation Turbidimetric Immunoassay",5.30 PM,Same Day,35,100,35.0%
374,H093,ERYTHROID CELL MARKER : CD 71,3 ml. (2 ml. Minimum) Whole Blood in 1 EDTA tube.,Refrigerated(2-8°C),Brief clinical history mandatory,Flow Cytometry,4.30 PM,2nd Working Day,1050,1550,67.7%
375,H098,ERYTHROID CELL MARKER : GLYCOPHORIN A,3 ml. (2 ml. Minimum) Whole Blood in 1 EDTA tube.,Refrigerated(2-8°C),Brief clinical history mandatory,Flow Cytometry,4.30 PM,2nd Working Day,1050,1550,67.7%
376,C088,ERYTHROPOIETIN (EPO),2 ml. (1 ml. Minimum) Serum,Refrigerated(2-8°C),,Enzyme linked immunosorben t assay (ELISA),4.30 PM,Next day Evening Except Sunday,900,1950,46.2%
377,C089,ESTRADIOL (E2),2 ml. (1 ml. Minimum) Serum,Refrigerated(2-8°C),,Electrochemilu minescence,5.30 PM,Same Day,200,600,33.3%
378,C090,"ESTRIOL, UNCONJUGATED (E3)",2 ml. (1 ml. Minimum) Serum,Refrigerated(2-8°C),,Enzyme linked immunosorben t assay (ELISA),4.30 PM,Next day Evening Except Sunday,500,1250,40.0%
379,P087,FACTOR II (PROTHROMBIN) MUTATION DETECTION,"4 ml. (3 ml. Minimum) PPP (Platelet Poor Plasma) from 2 Sodium Citrate tubes
prepared within 1 hr of","FROZEN  (-20°C) in
dry ice.",,Real Time PCR,4.30 PM,2nd Working Day,3850,6500,59.2%
380,H057,FACTOR V,"4 ml. (3 ml. Minimum) PPP (Platelet Poor Plasma) from 2 Sodium Citrate tubes
prepared within 1 hr of","FROZEN  (-20°C) in
dry ice.","Preparation of PPP : 12 -14
Hrs. (Overnight) fasting is preferred. Centrifuge the blood sample at 3000rpm for",Triggered Coagulation & Clot Detection,4.30 PM,2nd Working Day,1650,2850,57.9%
381,P031,FACTOR V LEIDEN MUTATION - HAEMATOLOGY (COAGULATION),"4 ml. (3 ml. Minimum) PPP (Platelet Poor Plasma) from 2 Sodium Citrate tubes
prepared within 1 hr of","FROZEN  (-20°C) in
dry ice.",,Real Time PCR,4.30 PM,3rd Working Day,3850,6500,59.2%
382,H117,FACTOR VII,"4 ml. (3 ml. Minimum) PPP (Platelet Poor Plasma) from 2 Sodium Citrate tubes
prepared within 1 hr of","FROZEN  (-20°C) in
dry ice.","Preparation of PPP :12 -14 Hrs. (Overnight)fasting is preferred.
Centrifuge the bloodsample",Photo -Optical,4.30 PM,Next day Evening Except Sunday,2450,3550,69.0%
383,H192,FACTOR X,"4 ml. (3 ml. Minimum) PPP (Platelet Poor Plasma) from 2 Sodium Citrate tubes
prepared within 1 hr of","FROZEN  (-20°C) in
dry ice.","Preparation of PPP : 12 -14
Hrs. (Overnight) fasting is preferred. Centrifuge the blood sample at 3000rpm for",Electromechani cal Clot Detection,4.30 PM,2nd Working Day,3850,6500,59.2%
384,H545,"FACTOR XI, FUNCTIONAL","4 ml. (3 ml. Minimum) PPP (Platelet Poor Plasma) from 2 Sodium Citrate tubes
prepared within 1 hr of","FROZEN  (-20°C) in
dry ice.","Preparation of PPP : 12 -14
Hrs. (Overnight) fasting is preferred. Centrifuge the blood sample at 3000rpm for",Triggered Coagulation & Clot Detection,4.30 PM,2nd Working Day,1650,2850,57.9%
385,H041,FACTOR XIII,"4 ml. (3 ml. Minimum) PPP (Platelet Poor Plasma) from 2 Sodium Citrate tubes
prepared within 1 hr of","FROZEN  (-20°C) in
dry ice.","Preparation of PPP : 12 -14
Hrs. (Overnight) fasting is preferred. Centrifuge the blood sample at 3000rpm for",Triggered Coagulation & Clot Detection,4.30 PM,2nd Working Day,1250,2450,51.0%
386,H029,FACTOR-IX (Haemophilia B),"4 ml. (3 ml. Minimum) PPP (Platelet Poor Plasma) from 2 Sodium Citrate tubes
prepared within 1 hr of","FROZEN  (-20°C) in
dry ice.","Preparation of PPP : 12 -14
Hrs. (Overnight) fasting is preferred. Centrifuge the blood sample at 3000rpm for",Triggered Coagulation & Clot Detection,4.30 PM,2nd Working Day,1250,2450,51.0%
387,H030,FACTOR-VIII (Haemophilia A),"4 ml. (3 ml. Minimum) PPP (Platelet Poor Plasma) from 2 Sodium Citrate tubes
prepared within 1 hr of","FROZEN  (-20°C) in
dry ice.","Preparation of PPP : 12 -14
Hrs. (Overnight) fasting is preferred. Centrifuge the blood sample at 3000rpm for",Triggered Coagulation & Clot Detection,4.30 PM,2nd Working Day,1250,2450,51.0%
388,C091,FERRITIN,2 ml. (1 ml. Minimum) Serum,Refrigerated(2-8°C),,"Chemiluminesc enceMicroparti cle
Immunoassay(",5.30 PM,Same Day,300,600,50.0%
389,H032,FIBRINOGEN,2ml. (1 ml. Minimum) Plasma in 1 Sodium Citrate (Light Blue Top) tube.,Refrigerated(2-8°C),,Triggered Coagulation & Clot Detection,4.30 PM,Next day Evening Except Sunday,600,1250,48.0%
390,H031,FIBRINOGEN DEGRADATION PRODUCT (FDP),"4 ml. (3 ml. Minimum) PPP (Platelet Poor Plasma) from 2 Sodium Citrate tubes
prepared within 1 hr of","Local samples: 2-8° C to reach lab in 3 hours. Outstation
samples:(-20°C)","Preparation of PPP :
Centrifuge the blood sample at 3000rpm for 15 minutes within 1 hr. of collection to",Latex Agglutination,4.30 PM,Next day Evening Except Sunday,600,1550,38.7%
391,P081,FIP1L1 - PDGFRA GENE REARRANGEMENT,3 ml. (2 ml. Minimum) Whole Blood in 1 EDTA tube.,Refrigerated(2-8°C),,Real Time PCR,4.30 PM,5th Working Day,4850,7250,66.9%
392,C096,FLUID ANALYSIS,2ml. (1 ml. Minimum) FLUID.,Refrigerated(2-8°C),,"Peroxidase
Reaction Spectrophotom etry",5.30 PM,Same Day,175,400,43.8%
393,C092,FLUID ANALYSIS - CSF,"2 ml. (1 ml. Minimum) CSF in a sterile, leak - proof screw
capped, plastic container",Refrigerated(2-8°C),Brief clinical history mandatory,Spectrophotom etry Microscopy,4.30 PM,Same Day,175,400,43.8%
394,C336,FLUID BIOCHEMISTRY,2ml. (1 ml. Minimum) FLUID.,Refrigerated(2-8°C),,Spectrophotom etry,4.30 PM,Same Day,175,400,43.8%
395,H058,FLUID CELL COUNT,2ml. (1 ml. Minimum) FLUID.,Refrigerated(2-8°C),,"Coulter
Principle (Impedance) Microscopy/",4.30 PM,Same Day,60,150,40.0%
396,C203,FLUID PROTEINS,2ml. (1 ml. Minimum) FLUID.,Refrigerated(2-8°C),,Biuret Method,4.30 PM,Same Day,100,230,43.5%
397,S106,FLUORESCENT TREPONEMAL ANTIBODY ABSORPTION (FTA-AB),2 ml. (1 ml. Minimum) Serum,Refrigerated(2-8°C),Brief clinical history mandatory,ELISA/IFA,4.30 PM,Next day Evening Except Sunday,1550,3450,44.9%
398,A002,FNAC (FINE NEEDLE ASPIRATION) - CYTOLOGY,"Submit cytopathological slides previously
reported upon (prepared from Aspirate material from Breast/Superficial lumps/ CT or USG guided deep lumps, smeared on 4",AMBIENT (18-25° C),Brief clinical history mandatory,"Microscopy of
Papanicoloau/ MGG stained smears",4.30 PM,Next day Evening Except Sunday,225,575,39.1%
399,C097,FOLIC ACID,2 ml. (1 ml. Minimum) Serum,Refrigerated(2-8°C),"Wrap tubes in aluminium foil to protect from light. Record PCV on test
requisition form","Chemiluminesc enceMicroparti cle
Immunoassay(",5.30 PM,Same Day,400,850,47.1%
400,H107,FOLLICULAR LYMPHOMA MARKER : BCL - 2,"2 ml. (1 ml. Minimum) Whole blood (EDTA,or Heparin ), Plasma or Serum",Refrigerated(2-8°C),Brief clinical history mandatory,Flow Cytometry,4.30 PM,2nd Working Day,1050,1550,67.7%
401,C1324,FOOD INTOLERANCE TEST,2 ml. (1 ml. Minimum) Serum,Refrigerated(2-8°C),,"Chemiluminesc
ence Immunoassay (CLIA)",4.30 PM,3rd Working Day,9500,15500,61.3%
402,C1287,FREE BETA HCG,2 ml. (1 ml. Minimum) Serum,Refrigerated(2-8°C),Specify age and sex ontest requisition form.,"Chemiluminesc
ence Immunoassay (CLIA)",4.30 PM,Next day Evening Except Sunday,350,800,43.8%
403,C277,FREE LIGHT CHAIN ASSAY,2 ml. (1 ml. Minimum) Serum,Refrigerated(2-8°C),,Nephelometry,4.30 PM,3rd Working Day,3350,5850,57.3%
404,C240,FREE PSA/TOTAL PSA RATIO,2 ml. (1 ml. Minimum) Serum,Refrigerated(2-8°C),,"Calculeted/Che
miluminescenc eImmunoassay (CLIA)",4.30 PM,Next day Evening Except Sunday,750,1550,48.4%
405,C007,FRUCTOSAMINE,2 ml. (1 ml. Minimum) Serum,Refrigerated(2-8°C),Specify age and sex ontest requisition form.,Spectrophoton etry,4.30 PM,3rd Working Day,650,1250,52.0%
406,C098,FSH (FOLLICLE STIMULATING HORMONE),2 ml. (1 ml. Minimum) Serum,Refrigerated(2-8°C),,Electrochemilu minescence,5.30 PM,Same Day,115,450,25.6%
407,M027,FUNGAL CULTURE,Any Sample,AMBIENT (18-25° C),Send Sample In Sterile Container,Conventional fungal culture and sensitivity,5.30 PM,14th Working Day,490,850,57.6%
408,A057-F,FUNGAL STAIN,SLIDE/BLOCK/TISSUE,FORMALIN/ETHANO L- FIXATIVE,Brief clinical history mandatory,Microscopy,4.30 PM,2nd Working Day,425,850,50.0%
409,M036,FUNGAL STAIN,Any Sample,AMBIENT (18-25° C),Send Sample In Sterile Container,Light Microscopy,5.30 PM,Next day Evening Except Sunday,115,250,46.0%
410,S246,GALACTOMANNAN(ASPERGILLUS ANTIGEN),2 ml. (1 ml. Minimum) Serum,Refrigerated(2-8°C),,Enzyme linked immunosorben t assay (ELISA),4.30 PM,Next day Evening Except Sunday,1250,2550,49.0%
411,C099,GAMMA GLUTAMYL TRANSFERASE (GGT),2 ml. (1 ml. Minimum) Serum,Refrigerated(2-8°C),,"L-Gamma-
glutamyl-3-carboxy-4-nitroanilide",5.30 PM,Same Day,100,230,43.5%
412,C225,GASTRIN,2 ml. (1 ml. Minimum) Serum,Refrigerated(2-8°C),,Enzyme linked immunosorben t assay (ELISA),4.30 PM,Next day Evening Except Sunday,1150,2250,51.1%
413,A057-B,GIEMSA STAIN,SLIDE/BLOCK/TISSUE,FORMALIN/ETHANO L- FIXATIVE,Brief clinical history mandatory,Microscopy,4.30 PM,2nd Working Day,425,850,50.0%
414,M028,GIEMSA STAIN,Any Sample,AMBIENT (18-25° C),Send Sample In Sterile Container,Light Microscopy,5.30 PM,Same Day,115,250,46.0%
415,S098,GLIADIN ANTIBODY IGA,2 ml. (1 ml. Minimum) Serum,Refrigerated(2-8°C),,Enzyme linked immunosorben t assay (ELISA),4.30 PM,Next day Evening Except Sunday,1050,2050,51.2%
416,S130,GLIADIN ANTIBODY IGG,2 ml. (1 ml. Minimum) Serum,Refrigerated(2-8°C),,Enzyme linked immunosorben t assay (ELISA),4.30 PM,Next day Evening Except Sunday,1050,2050,51.2%
417,C100,GLOBULIN,2 ml. (1 ml. Minimum) Serum,Refrigerated(2-8°C),,Calculated Value,5.30 PM,Same Day,70,180,38.9%
418,S101,GLOMERULAR BASEMENT MEMBRANE ANTIBODY IGG,2 ml. (1 ml. Minimum) Serum,Refrigerated(2-8°C),,Enzyme linked immunosorben t assay (ELISA),4.30 PM,Next day Evening Except Sunday,1150,2250,51.1%
419,C106,GLUCOSE 6 PHOSPHATE DEHYDROGENASE (G6PD QUANTITATIVE),3 ml. (2 ml. Minimum) Whole Blood in 1 EDTA tube.,Refrigerated(2-8°C),,Spectrophoton etry,5.30 PM,Same Day,375,950,39.5%
420,C257,GLUCOSE CHALLENGE TEST (GCT),"2 ml. (1 ml. Minimum) Plasma from 1 Sodium Fluoride
(Grey top) tube drawn 1 hour
af ter oral administration of",Refrigerated(2-8°C),Does not include fasting blood glucose specimen.,Hexokinase,5.30 PM,Same Day,35,100,35.0%
421,C261,GLUTAMIC ACID DECORBYLASE (GAD-65),2 ml. (1 ml. Minimum) Serum,Refrigerated(2-8°C),,Enzyme Immunoassay (EIA),4.30 PM,Next day Evening Except Sunday,4050,7800,51.9%
422,C641,GLYCOPHORIN A,2ml whole blood /Bone Marrow in Sod. Heparin tubes.,AMBIENT (18-25° C),"Do Not Freeze. Pleases specify-Date and time of sample withdrawn;
Detailed clinical history;",Flow Cytometry,4.30 PM,Next day Evening Except Sunday,1600,2550,62.7%
423,A057-G,GRAMS STAIN,SLIDE/BLOCK/TISSUE,FORMALIN/ETHANO L- FIXATIVE,Brief clinical history mandatory,Microscopy,4.30 PM,2nd Working Day,425,850,50.0%
424,M029,GRAMS STAIN,Any Sample,AMBIENT (18-25° C),Send Sample In Sterile Container,Light Microscopy,5.30 PM,Same Day,115,250,46.0%
425,C108,GROWTH HORMONE (GH),2 ml. (1 ml. Minimum) Serum,Refrigerated(2-8°C),,"Chemiluminesc
ence Immunoassay (CLIA)",4.30 PM,Next day Evening Except Sunday,400,850,47.1%
426,P083,HAEMOCHROMATOSIS / HFE -   (2 MUTATIONS),3 ml. (2 ml. Minimum) Whole Blood in 1 EDTA tube.,Refrigerated(2-8°C),,Real Time PCR,4.30 PM,5th Working Day,3450,5850,59.0%
427,C300,HAEMOGLOBIN - URINE,"15 ml.(10.0 ml. minimum) aliquot of Morning’s Midstream/Random Urine in
a sterile  leak - proof  screw",Refrigerated(2-8°C),Do Not Freeze,Strip test,4.30 PM,Next day Evening Except Sunday,175,450,38.9%
428,H060,HAEMOGLOBIN ELECTROPHORESIS (HPLC),3 ml. (2 ml. Minimum) Whole Blood in 1 EDTA tube.,Refrigerated(2-8°C),,"Sulpholyser
Haemoglobin Detection Method Cell",5.30 PM,Same Day,350,850,41.2%
429,H554,HAEMOGRAM (CBC+ESR),"3 ml.(2 ml. Minimum) Whole blood in 1
EDTA (Lavender Top) tube and 2 unstained peripheral blood smears, air dried & sent in a slide mailer",Refrigerated(2-8°C),Do Not Freeze,"Sulpholyser
Haemoglobin Detection Method Cell",5.30 PM,Same Day,130,350,37.1%
430,H083,HAIRY CELL / NHL DIFFERENTIATION MARKER : CD 25,"2 ml. (1 ml. Minimum) Whole blood (EDTA,or Heparin ), Plasma or Serum",Refrigerated(2-8°C),Brief clinical history mandatory,Flow Cytometry,4.30 PM,2nd Working Day,1050,1550,67.7%
431,H094,HAIRY CELL MARKER : CD 103,"2 ml. (1 ml. Minimum) Whole blood (EDTA,or Heparin ), Plasma or Serum",Refrigerated(2-8°C),Brief clinical history mandatory,Flow Cytometry-BD FACSC Calibur,4.30 PM,2nd Working Day,1050,1550,67.7%
432,M040,HANGING DROP FOR V.CHOLERAE,"5ml (3ml. Minimum) Stool in a leak-proof, plastic, screw capped container. Do not use match box or absorbant material",AMBIENT (18-25° C),Send Sample In Sterile Container,Hanging Drop & Light Microscopy,5.30 PM,Same Day,115,250,46.0%
433,C109,HAPTOGLOBIN,2 ml. (1 ml. Minimum) Serum,Refrigerated(2-8°C),"Overnight fasting
(10-12 Hrs) is preferred.",Immunoturbidi metry,4.30 PM,Next day Evening Except Sunday,1050,2050,51.2%
434,C107,HBA1C,3 ml. (1 ml. Minimum) Whole Blood in 1 EDTA (Lavender top) tube.,Refrigerated(2-8°C),Do Not Freeze,HPLC,5.30 PM,Same Day,230,550,41.8%
435,S236,HbsAg (Australian Antigen) - Qualitative,2 ml. (1 ml. Minimum) Serum,Refrigerated(2-8°C),,Chromatograp hy,5.30 PM,Same Day,175,450,38.9%
436,C319,HbsAG (AUSTRALIAN ANTIGEN) by CLIA,2 ml. (1 ml. Minimum) Serum,Refrigerated(2-8°C),,"Chemiluminesc
ence Immunoassay (CLIA)",5.30 PM,Same Day,230,550,41.8%
437,S235,HCV Antibody - Qualiative,2 ml. (1 ml. Minimum) Serum,Refrigerated(2-8°C),,Chromatograp hy,5.30 PM,Same Day,300,700,42.9%
438,P020,HDV RNA QUANTITATIVE - VIRAL LOAD,"2 ml. (1 ml. Minimum) Whole blood (EDTA ), Plasma or Serum",Refrigerated(2-8°C),,Real Time PCR,4.30 PM,3rd Working Day,4850,7000,69.3%
439,S244,HELICOBACTER PYLORI ANTIGEN,"5ml (3ml. Minimum) Stool in a leak-proof, plastic, screw capped container. Do not use match box or absorbant material",AMBIENT (18-25° C),,Enzyme linked immunosorben t assay (ELISA),4.30 PM,Next day Evening Except Sunday,700,1550,45.2%
440,S136,HELICOBACTER PYLORI IGA ANTIBODY,2 ml. (1 ml. Minimum) Serum,Refrigerated(2-8°C),,Enzyme linked immunosorben t assay (ELISA),4.30 PM,Next day Evening Except Sunday,800,1850,43.2%
441,S074,HELICOBACTER PYLORI IGG ANTIBODY,2 ml. (1 ml. Minimum) Serum,Refrigerated(2-8°C),,Enzyme linked immunosorben t assay (ELISA),4.30 PM,Next day Evening Except Sunday,800,1850,43.2%
442,S073,HELICOBACTER PYLORI IGM ANTIBODY,2 ml. (1 ml. Minimum) Serum,Refrigerated(2-8°C),Specify age and sex ontest requisition form.,Enzyme linked immunosorben t assay (ELISA),4.30 PM,Next day Evening Except Sunday,800,1850,43.2%
443,H033,HEMOGLOBIN (HB),"3 ml.(2 ml. Minimum) Whole blood in 1
EDTA (Lavender Top) tube and 2 unstained peripheral blood smears, air dried & sent in a slide maile",Refrigerated(2-8°C),Do Not Freeze,"Sulpholyser
Haemoglobin Detection Method Cell",5.30 PM,Same Day,50,100,50.0%
444,H006,HEMOSIDERIN - URINE,"15 ml.(10.0 ml. minimum) aliquot of Morning’s Midstream/Random Urine in
a sterile  leak - proof  screw",Refrigerated(2-8°C),Do Not Freeze,Pearls Prussian Blue,4.30 PM,Next day Evening Except Sunday,350,650,53.8%
445,S033,HEPATITIS A VIRUS (HAV IgG),2 ml. (1 ml. Minimum) Serum,Refrigerated(2-8°C),,Enzyme linked immunosorben t assay (ELISA),4.30 PM,Same Day,450,950,47.4%
446,S032,HEPATITIS A VIRUS (HAV IgM),2 ml. (1 ml. Minimum) Serum,Refrigerated(2-8°C),,Enzyme linked immunosorben t assay (ELISA),4.30 PM,Same Day,450,950,47.4%
447,S034,HEPATITIS B ENVELOPE ANTIBODY (Anti HBe),2 ml. (1 ml. Minimum) Serum,Refrigerated(2-8°C),,Enzyme linked immunosorben t assay (ELISA),4.30 PM,Next day Evening Except Sunday,350,850,41.2%
448,S035,HEPATITIS B ENVELOPE ANTIGEN (HBeAg),2 ml. (1 ml. Minimum) Serum,Refrigerated(2-8°C),,Enzyme linked immunosorben t assay (ELISA),4.30 PM,Next day Evening Except Sunday,350,850,41.2%
449,S036,"HEPATITIS B SURFACE ANTIBODY TOTAL
(Anti Hbs)",2 ml. (1 ml. Minimum) Serum,Refrigerated(2-8°C),,Enzyme linked immunosorben t assay (ELISA),4.30 PM,Next day Evening Except Sunday,350,850,41.2%
450,S037,"HEPATITIS B SURFACE ANTIGEN
(Australian Antigen) - HBsAg",2 ml. (1 ml. Minimum) Serum,Refrigerated(2-8°C),,Enzyme linked immunosorben t assay (ELISA),4.30 PM,Same Day,200,500,40.0%
451,P001,HEPATITIS B VIRUS - VIRAL LOAD (QUANTITATIVE),"2 ml. (1 ml. Minimum) Whole blood (EDTA ), Plasma or Serum",Refrigerated(2-8°C),,Real Time PCR,4.30 PM,2nd Working Day,2400,5500,43.6%
452,P002,HEPATITIS B VIRUS DNA (QUALITATIVE),"2 ml. (1 ml. Minimum) Whole blood (EDTA ), Plasma or Serum",Refrigerated(2-8°C),,Real Time PCR,4.30 PM,2nd Working Day,1450,2850,50.9%
453,S038,HEPATITIS C ANTIBODY (HCV Antibody),2 ml. (1 ml. Minimum) Serum,Refrigerated(2-8°C),,Enzyme linked immunosorben t assay (ELISA),4.30 PM,Same Day,300,850,35.3%
454,P019,HEPATITIS C VIRUS - GENOTYPING,2ml.(1ml. Minimum)EDTA Plasma,Refrigerated(2-8°C),,Real Time PCR,4.30 PM,5th Working Day,5500,8500,64.7%
455,P003,HEPATITIS C VIRUS - VIRAL LOAD (QUANTITATIVE),"2 ml. (1 ml. Minimum) Whole blood (EDTA ), Plasma or Serum",Refrigerated(2-8°C),,Real Time PCR,4.30 PM,2nd Working Day,2400,5500,43.6%
456,S121,HEPATITIS C VIRUS (HCV Antibody)-IgG,2 ml. (1 ml. Minimum) Serum,Refrigerated(2-8°C),,Enzyme linked immunosorben t assay (ELISA),4.30 PM,Next day Evening Except Sunday,600,1500,40.0%
457,S051,HEPATITIS C VIRUS (HCV Antibody)-IgM,2 ml. (1 ml. Minimum) Serum,Refrigerated(2-8°C),,Enzyme linked immunosorben t assay (ELISA),4.30 PM,Next day Evening Except Sunday,600,1500,40.0%
458,P004,HEPATITIS C VIRUS-QUALITATIVE,"2 ml. (1 ml. Minimum) Whole blood (EDTA ), Plasma or Serum",Refrigerated(2-8°C),,Real Time PCR,4.30 PM,2nd Working Day,1450,2850,50.9%
459,S039,HEPATITIS CORE ANTIBODY IgM (Anti HBc-IgM),2 ml. (1 ml. Minimum) Serum,Refrigerated(2-8°C),,Enzyme linked immunosorben t assay (ELISA),4.30 PM,Next day Evening Except Sunday,350,850,41.2%
460,S040,"HEPATITIS CORE ANTIBODY TOTAL
(HBcAb-Total)",2 ml. (1 ml. Minimum) Serum,Refrigerated(2-8°C),,Enzyme linked immunosorben t assay (ELISA),4.30 PM,Next day Evening Except Sunday,350,850,41.2%
461,S166,HEPATITIS DELTA VIRUS - IgM (HDV IgM)ANTIBODY,2 ml. (1 ml. Minimum) Serum,Refrigerated(2-8°C),,Enzyme linked immunosorben t assay (ELISA),4.30 PM,5th Working Day,2050,3050,67.2%
462,S041,HEPATITIS E VIRUS - IGG (HEV IGG),2 ml. (1 ml. Minimum) Serum,Refrigerated(2-8°C),,Enzyme linked immunosorben t assay (ELISA),5.30 PM,Same Day,600,1500,40.0%
463,S042,HEPATITIS E VIRUS - IGM (HEV IGM),2 ml. (1 ml. Minimum) Serum,Refrigerated(2-8°C),,Enzyme linked immunosorben t assay (ELISA),5.30 PM,Same Day,600,1500,40.0%
464,S044,HERPES SIMPLEX VIRUS 1 & 2 IgG,2 ml. (1 ml. Minimum) Serum,Refrigerated(2-8°C),,Enzyme linked immunosorben t assay (ELISA),5.30 PM,Same Day,230,1050,21.9%
465,S043,HERPES SIMPLEX VIRUS 1 & 2 IgM,2 ml. (1 ml. Minimum) Serum,Refrigerated(2-8°C),,Enzyme linked immunosorben t assay (ELISA),5.30 PM,Same Day,230,1050,21.9%
466,S045,HERPES SIMPLEX VIRUS 1 IgG,2 ml. (1 ml. Minimum) Serum,Refrigerated(2-8°C),,Enzyme linked immunosorben t assay (ELISA),5.30 PM,Same Day,115,550,20.9%
467,S046,HERPES SIMPLEX VIRUS 1 IgM,2 ml. (1 ml. Minimum) Serum,Refrigerated(2-8°C),,Enzyme linked immunosorben t assay (ELISA),5.30 PM,Same Day,115,550,20.9%
468,S047,HERPES SIMPLEX VIRUS 2 IgG,2 ml. (1 ml. Minimum) Serum,Refrigerated(2-8°C),,Enzyme linked immunosorben t assay (ELISA),5.30 PM,Same Day,115,550,20.9%
469,S048,HERPES SIMPLEX VIRUS 2 IgM,2 ml. (1 ml. Minimum) Serum,Refrigerated(2-8°C),,Enzyme linked immunosorben t assay (ELISA),5.30 PM,Same Day,115,550,20.9%
470,P024,HERPES SIMPLEX VIRUS- DNA PCR,"2 ml. (1 ml. Minimum) Whole blood (EDTA ), Plasma,CSF in a sterile, leak - proof screw capped, plastic container",Refrigerated(2-8°C),,Real Time PCR,4.30 PM,2nd Working Day,2450,3850,63.6%
471,P195,HEV RNA QUANTITATIVE ASSSAY,2 ml. (1 ml. Minimum) Serum,Refrigerated(2-8°C),,Taqman Real Time PCR assay,4.30 PM,3rd Working Day,2450,3850,63.6%
472,C110,HIGH SENSITIVE CRP (HSCRP),2 ml. (1 ml. Minimum) Serum,Refrigerated(2-8°C),,Immunoturbidi metry,5.30 PM,Same Day,230,650,35.4%
473,S140,HISTONE ANTIBODY,2 ml. (1 ml. Minimum) Serum,Refrigerated(2-8°C),,Enzyme linked immunosorben t assay (ELISA),4.30 PM,Next day Evening Except Sunday,1950,2850,68.4%
474,P005,HIV - QUANTITATIVE (VIRAL LOAD),"2 ml. (1 ml. Minimum) Whole blood (EDTA ), Plasma or Serum",Refrigerated(2-8°C),,Real Time PCR,4.30 PM,2nd Working Day,2400,3850,62.3%
475,S237,HIV 1 & 2 ANTIBODY - Qualitative,2 ml. (1 ml. Minimum) Serum,Refrigerated(2-8°C),Please Send Sample With Signed  HIV Consent Form,Chromatograp hy,5.30 PM,Same Day,175,450,38.9%
476,S050,HIV 1 & 2 ANTIBODY by ELISA,2 ml. (1 ml. Minimum) Serum,Refrigerated(2-8°C),Please Send Sample With Signed  HIV Consent Form,Enzyme linked immunosorben t assay (ELISA),4.30 PM,Same Day,200,500,40.0%
477,S049,HIV 1 WESTERN BLOT,2 ml. (1 ml. Minimum) Serum,Refrigerated(2-8°C),Please Send Sample With Signed  HIV Consent Form,Blotting,4.30 PM,Next day Evening Except Sunday,1350,2850,47.4%
478,S123,"HIV 1,2 AND 3",2 ml. (1 ml. Minimum) Serum,Refrigerated(2-8°C),Please Send Sample With Signed  HIV Consent Form,Enzyme linked immunosorben t assay (ELISA),4.30 PM,Next day Evening Except Sunday,230,650,35.4%
479,S118,HIV AG & AB - 4TH GENERATION,2 ml. (1 ml. Minimum) Serum,Refrigerated(2-8°C),Please Send Sample With Signed  HIV Consent Form,Enzyme linked immunosorben t assay (ELISA),4.30 PM,Next day Evening Except Sunday,350,800,43.8%
480,C313,HIV P24 ANTIGEN,2 ml. (1 ml. Minimum) Serum,Refrigerated(2-8°C),,"Chemiluminesc
ence Immunoassay (CLIA)",4.30 PM,Next day Evening Except Sunday,700,1450,48.3%
481,P007,HIV-DNA PCR - QUALITATIVE,"2 ml. (1 ml. Minimum) EDTA, Plasma or Serum",Refrigerated(2-8°C),,Real Time PCR,4.30 PM,2nd Working Day,2050,3050,67.2%
482,P030,HIV-I DRUG RESISTANCE ASSAY (PI),"2 ml. (1 ml. Minimum) Whole blood (EDTA ), Plasma or Serum",Refrigerated(2-8°C),,Real Time PCR/Gene Sequencing,4.30 PM,22nd Working Day,5150,8500,60.6%
483,P029,HIV-I DRUG RESISTANCE ASSAY (RT),"2 ml. (1 ml. Minimum) Whole blood (EDTA ), Plasma or Serum",Refrigerated(2-8°C),,Real Time PCR/Gene Sequencing,4.30 PM,22nd Working Day,10500,15500,67.7%
484,P006,HIV-RNA PCR - QUALITATIVE,"2 ml. (1 ml. Minimum) EDTA, Plasma or Serum",Refrigerated(2-8°C),,Real Time PCR,4.30 PM,2nd Working Day,1850,2850,64.9%
485,H190,HLA - DR4 (DRB1*04),2 ml. (1 ml. Minimum) Whole Blood from EDTA or Heparin .,Refrigerated(2-8°C),Brief clinical history mandatory,Flow Cytometry/PCR,4.30 PM,2nd Working Day,3850,6500,59.2%
486,H035,HLA B-27,3 ml. (2 ml. Minimum) Whole Blood in 1 EDTA tube.,Refrigerated(2-8°C),,Flow Cytometry,4.30 PM,Next day Evening Except Sunday,950,1850,51.4%
487,P034,HLA B-27 - PCR,3 ml. (2 ml. Minimum) Whole Blood in 1 EDTA tube.,Refrigerated(2-8°C),,Real Time PCR,4.30 PM,2nd Working Day,1600,3050,52.5%
488,C335,HOMA -IR,2 ml. (1 ml. Minimum) Serum,Refrigerated(2-8°C),,"Hexokinase, Electrochemilu minisence",4.30 PM,Next day Evening Except Sunday,550,1150,47.8%
489,C111,HOMOCYSTEINE,2 ml. (1 ml. Minimum) Serum,Refrigerated(2-8°C),,Spectrophotom etry,5.30 PM,Same Day,525,1050,50.0%
490,C296,HUMAN EPIDIDYMIS PROTEIN 4 (HE-4),2 ml. (1 ml. Minimum) Serum,Refrigerated(2-8°C),,Chemiflex,4.30 PM,3rd Working Day,1550,2850,54.4%
491,P036,HUMAN PAPILOMA VIRUS (16&18) DNA BY REAL TIME PCR,Cervical Scrapings,Refrigerated(2-8°C),,Real Time PCR,4.30 PM,2nd Working Day,1150,2050,56.1%
492,A044,IHC-  BETA HUMAN CHORIONIC GONADOTROPIN (BHCG),FFPE Tissue Block,AMBIENT (18-25° C),Brief clinical history mandatory,IHC,,,1225,1750,70.0%
493,A028,IHC - CD99,FFPE Tissue Block,AMBIENT (18-25° C),Brief clinical history mandatory,IHC,4.30 PM,5th Working Day,1225,1750,70.0%
494,A054,IHC - CHROMOGRANIN,Sections/Blocks,AMBIENT (18-25° C),Brief clinical history mandatory,IHC,4.30 PM,5th Working Day,1225,1750,70.0%
495,A018,IHC - CLUSTER OF DIFFERENTIATION 10 (CD10),FFPE Tissue Block,AMBIENT (18-25° C),Brief clinical history mandatory,IHC,4.30 PM,5th Working Day,1225,1750,70.0%
496,A027,IHC - CLUSTER OF DIFFERENTIATION 117 (CD117),FFPE Tissue Block,AMBIENT (18-25° C),Brief clinical history mandatory,IHC,4.30 PM,5th Working Day,1225,1750,70.0%
497,A019,IHC - CLUSTER OF DIFFERENTIATION 15 (CD15),FFPE Tissue Block,AMBIENT (18-25° C),Brief clinical history mandatory,IHC,4.30 PM,5th Working Day,1225,1750,70.0%
498,A113,IHC - CLUSTER OF DIFFERENTIATION 19 (CD19),FFPE Tissue Block,AMBIENT (18-25° C),Brief clinical history mandatory,IHC,4.30 PM,5th Working Day,1225,1750,70.0%
499,A021,IHC - CLUSTER OF DIFFERENTIATION 20 (CD20),FFPE Tissue Block,AMBIENT (18-25° C),Brief clinical history mandatory,IHC,4.30 PM,5th Working Day,1225,1750,70.0%
500,A112,IHC - CLUSTER OF DIFFERENTIATION 21 (CD21),FFPE Tissue Block,AMBIENT (18-25° C),Brief clinical history mandatory,IHC,4.30 PM,5th Working Day,1225,1750,70.0%
501,A023,IHC - CLUSTER OF DIFFERENTIATION 23 (CD23),FFPE Tissue Block,AMBIENT (18-25° C),Brief clinical history mandatory,IHC,4.30 PM,5th Working Day,1225,1750,70.0%
502,A016,IHC - CLUSTER OF DIFFERENTIATION 3 (CD3),FFPE Tissue Block,AMBIENT (18-25° C),Brief clinical history mandatory,IHC,4.30 PM,5th Working Day,1225,1750,70.0%
503,A024,IHC - CLUSTER OF DIFFERENTIATION 30 (CD30),FFPE Tissue Block,AMBIENT (18-25° C),Brief clinical history mandatory,IHC,4.30 PM,5th Working Day,1225,1750,70.0%
504,A058,IHC - CLUSTER OF DIFFERENTIATION 43(CD43),FFPE Tissue Block,AMBIENT (18-25° C),Brief clinical history mandatory,IHC,4.30 PM,5th Working Day,1225,1750,70.0%
505,A025,IHC - CLUSTER OF DIFFERENTIATION 45(CD45),FFPE Tissue Block,AMBIENT (18-25° C),Brief clinical history mandatory,IHC,4.30 PM,5th Working Day,1225,1750,70.0%
506,A017,IHC - CLUSTER OF DIFFERENTIATION 5(CD5),FFPE Tissue Block,AMBIENT (18-25° C),Brief clinical history mandatory,IHC,4.30 PM,5th Working Day,1225,1750,70.0%
507,A026,IHC - CLUSTER OF DIFFERENTIATION 68(CD68),Sections/Blocks,AMBIENT (18-25° C),Brief clinical history mandatory,IHC,4.30 PM,5th Working Day,1225,1750,70.0%
508,A036,IHC - CYTOKERATIN 5/6,FFPE Tissue Block,AMBIENT (18-25° C),Brief clinical history mandatory,IHC,4.30 PM,5th Working Day,1225,1750,70.0%
509,A035,IHC - CYTOKERATIN 7,FFPE Tissue Block,AMBIENT (18-25° C),Brief clinical history mandatory,IHC,4.30 PM,5th Working Day,1225,1750,70.0%
510,A068,IHC - ER/PR,FFPE Tissue Block,AMBIENT (18-25° C),Brief clinical history mandatory,IHC,4.30 PM,5th Working Day,1750,2550,68.6%
511,A045,IHC - GROSS CYSTIC DISEASE FLUID PROTEIN (GCDFP),FFPE Tissue Block,AMBIENT (18-25° C),Brief clinical history mandatory,IHC,4.30 PM,5th Working Day,1225,1750,70.0%
512,A041,IHC - HIGH MOLECULAR WEIGHT-KINIOGEN (HMW-K),FFPE Tissue Block,AMBIENT (18-25° C),Brief clinical history mandatory,IHC,4.30 PM,5th Working Day,1225,1750,70.0%
513,A050,IHC - HUMAN MELANOMA BLACK 45 (HMB 45),FFPE Tissue Block,AMBIENT (18-25° C),Brief clinical history mandatory,IHC,4.30 PM,5th Working Day,1225,1750,70.0%
514,A015,IHC - INHIBIN,FFPE Tissue Block,AMBIENT (18-25° C),Brief clinical history mandatory,IHC,4.30 PM,5th Working Day,1225,1750,70.0%
515,A059,IHC - KI 67-MARKER,FFPE Tissue Block,AMBIENT (18-25° C),Brief clinical history mandatory,IHC,4.30 PM,5th Working Day,1225,1750,70.0%
516,A040,IHC - LOW MOLECULAR WEIGHT-KININOGEN (LMW-K),Sections/Blocks,AMBIENT (18-25° C),Brief clinical history mandatory,IHC,4.30 PM,5th Working Day,1225,1750,70.0%
517,A031,IHC - MULTIPLE MYELOMA ONCOGENE 1 (MUM1),FFPE Tissue Block,AMBIENT (18-25° C),Brief clinical history mandatory,IHC,4.30 PM,5th Working Day,1225,1750,70.0%
518,A034,IHC - MYELOPEROXIDASE(MPO),FFPE Tissue Block,AMBIENT (18-25° C),Brief clinical history mandatory,IHC,4.30 PM,5th Working Day,1225,1750,70.0%
519,A048,IHC - NEURON SPECIFIC ENOLASE,FFPE Tissue Block,AMBIENT (18-25° C),Brief clinical history mandatory,IHC,4.30 PM,5th Working Day,1225,1750,70.0%
520,A067,IHC - P - 63,FFPE Tissue Block,AMBIENT (18-25° C),Brief clinical history mandatory,IHC,4.30 PM,5th Working Day,1225,1750,70.0%
521,A043,IHC - PLACENTAL ALKALINE PHOSPHATASE (PLAP),FFPE Tissue Block,AMBIENT (18-25° C),Brief clinical history mandatory,IHC,4.30 PM,5th Working Day,1225,1750,70.0%
522,A049,IHC - S100,FFPE Tissue Block,AMBIENT (18-25° C),Brief clinical history mandatory,IHC,4.30 PM,5th Working Day,1225,1750,70.0%
523,A053,IHC - SMOOTH MUSCLE ACTIN (SMA),FFPE Tissue Block,AMBIENT (18-25° C),Brief clinical history mandatory,IHC,4.30 PM,5th Working Day,1225,1750,70.0%
524,A055,IHC - SYNAPTOPHYSIN,FFPE Tissue Block,AMBIENT (18-25° C),Brief clinical history mandatory,IHC,4.30 PM,5th Working Day,1225,1750,70.0%
525,A033,IHC - TERMINAL  DEOXYNUCLEOTIDYL TRANSFERASE (TdT),FFPE Tissue Block,AMBIENT (18-25° C),Brief clinical history mandatory,IHC,4.30 PM,5th Working Day,1225,1750,70.0%
526,A051,IHC - THYROGLOBULIN,FFPE Tissue Block,AMBIENT (18-25° C),Brief clinical history mandatory,IHC,4.30 PM,5th Working Day,1225,1750,70.0%
527,A042,IHC - THYROID TRANSCRIPTION FACTOR,FFPE Tissue Block,AMBIENT (18-25° C),Brief clinical history mandatory,IHC,4.30 PM,5th Working Day,1225,1750,70.0%
528,A047,IHC - VIMENTIN,FFPE Tissue Block,AMBIENT (18-25° C),Brief clinical history mandatory,IHC,4.30 PM,5th Working Day,1225,1750,70.0%
529,A065,IHC- CARCINOEMBRYONIC ANTIGEN (CEA),FFPE Tissue Block,AMBIENT (18-25° C),Brief clinical history mandatory,IHC,4.30 PM,5th Working Day,1225,1750,70.0%
530,A115,IHC -CK 20,FFPE Tissue Block,AMBIENT (18-25° C),Brief clinical history mandatory,IHC,4.30 PM,5th Working Day,1225,1750,70.0%
531,A116,IHC -DOG1,"2 ml. (1 ml. Minimum) Whole blood (EDTA,or Heparin ), Plasma or Serum",Refrigerated(2-8°C),Brief clinical history mandatory,IHC,4.30 PM,5th Working Day,1225,1750,70.0%
532,A012,IHC -ESTROGEN RECEPTOR / PROGESTERONE RECEPTOR (ER,Paraffin Blocks,AMBIENT (18-25° C),Brief clinical history mandatory,IHC,4.30 PM,5th Working Day,1225,1750,70.0%
533,A064,IHC- P53,FFPE Tissue Block,AMBIENT (18-25° C),Brief clinical history mandatory,IHC,4.30 PM,5th Working Day,1225,1750,70.0%
534,A039,IHC- PANCYTOKERATIN,FFPE Tissue Block,AMBIENT (18-25° C),Brief clinical history mandatory,IHC,4.30 PM,5th Working Day,1225,1750,70.0%
535,A118,IHC1,FFPE Tissue Block,AMBIENT (18-25° C),Brief clinical history mandatory,IHC,4.30 PM,5th Working Day,1225,1750,70.0%
536,A029,IHC-ANAPLASTIC LYMPHOMA KINASE 1(AKL1),FFPE Tissue Block,AMBIENT (18-25° C),Brief clinical history mandatory,IHC,4.30 PM,5th Working Day,1225,1750,70.0%
537,A030,IHC-B-CELL LEUKEMIA/LYMPHOMA 6 (BCL6),FFPE Tissue Block,AMBIENT (18-25° C),Brief clinical history mandatory,IHC,4.30 PM,5th Working Day,1225,1750,70.0%
538,A114,IHC-CD34,FFPE Tissue Block,AMBIENT (18-25° C),Brief clinical history mandatory,IHC,4.30 PM,5th Working Day,1225,1750,70.0%
539,A032,IHC-CYCLIN-D,FFPE Tissue Block,AMBIENT (18-25° C),Brief clinical history mandatory,IHC,4.30 PM,5th Working Day,1225,1750,70.0%
540,A111,IHC-CYTOKERATIN 19,FFPE Tissue Block,AMBIENT (18-25° C),Brief clinical history mandatory,IHC,4.30 PM,5th Working Day,1225,1750,70.0%
541,A037,IHC-CYTOKERATIN 20,FFPE Tissue Block,AMBIENT (18-25° C),Brief clinical history mandatory,IHC,4.30 PM,5th Working Day,1225,1750,70.0%
542,A038,IHC-DESMIN,FFPE Tissue Block,AMBIENT (18-25° C),Brief clinical history mandatory,IHC,4.30 PM,5th Working Day,1225,1750,70.0%
543,A063,IHC-EPITHELIAL MEMBRANE ANTIGEN,FFPE Tissue Block,AMBIENT (18-25° C),Brief clinical history mandatory,IHC,4.30 PM,5th Working Day,1225,1750,70.0%
544,A046,IHC-GLIAL FIBRILLARY ACIDIC PROTEIN (GFAP),FFPE Tissue Block,AMBIENT (18-25° C),Brief clinical history mandatory,IHC,4.30 PM,5th Working Day,1225,1750,70.0%
545,C281,IMMUNOFIXATION ELECTROPHORESIS - URINE,"15 ml.(10.0 ml. minimum) aliquot of Morning’s Midstream/Random Urine in
a sterile  leak - proof  screw",Refrigerated(2-8°C),Do Not Freeze,"Lateral Flow
Immuno Chromatograp hy",4.30 PM,3rd Working Day,3850,6500,59.2%
546,C112,IMMUNOFIXATION ELECTROPHORESIS-SERUM,2 ml. (1 ml. Minimum) Serum,Refrigerated(2-8°C),,Agarose Gel Electrophoresis,4.30 PM,3rd Working Day,3850,6500,59.2%
547,C113,IMMUNOGLOBULIN A (IgA),2 ml. (1 ml. Minimum) Serum,Refrigerated(2-8°C),,Immunoturbidi metry,4.30 PM,Next day Evening Except Sunday,230,550,41.8%
548,C1281,IMMUNOGLOBULIN G-4,2 ml. (1 ml. Minimum) Serum,Refrigerated(2-8°C),,NEPHLOMETRY,4.30 PM,2nd Working Day,1750,2850,61.4%
549,C1242,IMMUNOGLOBULIN G4 (IgG4),2 ml. (1 ml. Minimum) Serum,Refrigerated(2-8°C),,Enzyme Immunoassay (EIA),4.30 PM,Next day Evening Except Sunday,3150,5250,60.0%
550,C1245,"IMMUNOGLOBULIN IgA,IgG,IgM",2 ml. (1 ml. Minimum) Serum,Refrigerated(2-8°C),,Immunoturbidi metry,4.30 PM,Next day Evening Except Sunday,650,1450,44.8%
551,C115,IMMUNOGLOBULIN IgG,2 ml. (1 ml. Minimum) Serum,Refrigerated(2-8°C),,Immunoturbidi metry,4.30 PM,Next day Evening Except Sunday,230,550,41.8%
552,C116,IMMUNOGLOBULIN IgM,2 ml. (1 ml. Minimum) Serum,Refrigerated(2-8°C),,Immunoturbidi metry,4.30 PM,Next day Evening Except Sunday,230,550,41.8%
553,A117,IMMUNOHISTOCHEMISTRY HER2NEU,Tissue,AMBIENT (18-25° C),Brief clinical history mandatory,IHC,4.30 PM,5th Working Day,1225,1750,70.0%
554,H561,IMMUNOPHENOTYPING FROM BONE MARROW/ PERIPHERAL BLOOD ON FACS CANTO,3 ml. (2 ml. Minimum) Whole Blood in 1 EDTA tube.,Refrigerated(2-8°C),Brief clinical history mandatory,IHC,4.30 PM,5th Working Day,12500,22500,55.6%
555,S052,"INFECTIOUS MONONUCLEOSIS
(Heterophilic antibodies-Monospot test)",2 ml. (1 ml. Minimum) Serum,Refrigerated(2-8°C),,Latex Agglutination,4.30 PM,3rd Working Day,575,1550,37.1%
556,S139,INHIBIN B,2 ml. (1 ml. Minimum) Serum,Refrigerated(2-8°C),,"Chemiluminesc
ence Immunoassay (CLIA)",4.30 PM,Next day Evening Except Sunday,1600,2850,56.1%
557,C117,INSULIN - FASTING,2ml. (1 ml. Minimum) Serum (Fasting),Refrigerated(2-8°C),,"Chemiluminesc
ence Immunoassay (CLIA)",5.30 PM,Same Day,230,650,35.4%
558,C192,"INSULIN - LIKE GROWTH FACTOR (IGF-I), SOMATOMEDIN- C",2 ml. (1 ml. Minimum) Serum,Refrigerated(2-8°C),,Enzyme linked immunosorben t assay (ELISA),4.30 PM,Next day Evening Except Sunday,1500,2850,52.6%
559,C219,INSULIN - POST PRANDIAL(PP),2ml. (1 ml. Minimum) Serum (Post Prandial),Refrigerated(2-8°C),,"Chemiluminesc
ence Immunoassay (CLIA)",5.30 PM,Same Day,230,650,35.4%
560,C314,INSULIN (RANDOM) - HORMONE ASSAYS,2 ml.(1 ml. Minimum) Serum (Random),Refrigerated(2-8°C),,"Chemiluminesc
ence Immunoassay (CLIA)",5.30 PM,Same Day,230,650,35.4%
561,C285,INSULIN LIKE GROWTH FACTOR BONDING PROTEIN (IGF-BP3),2 ml. (1 ml. Minimum) Serum,Refrigerated(2-8°C),,"Chemiluminesc
ence Immunoassay (CLIA)/ELISA",4.30 PM,Next day Evening Except Sunday,2300,3650,63.0%
562,C245,INTACT PARATHYROID HORMONE (IPTH),2ml.(1ml. Minimum)EDTA Plasma/Serum,Refrigerated(2-8°C),,"Chemiluminesc
ence Immunoassay (CLIA)",5.30 PM,Same Day,600,1500,40.0%
563,P039,INTERLEUKIN - 28B (RS12979860) GENOTYPING,3 ml. (2 ml. Minimum) Whole Blood in 1 EDTA tube.,Refrigerated(2-8°C),,Real Time PCR,4.30 PM,7th Working Day,3250,5150,63.1%
564,P086,INTERLEUKIN 28B RS12979860 GENOTYPING - QUALITATIVE (PCR),3 ml. (2 ml. Minimum) Whole Blood in 1 EDTA tube.,Refrigerated(2-8°C),,Real Time PCR,4.30 PM,7th Working Day,3250,5150,63.1%
565,C1326,INTERLUKIN-6 (IL-6),2 ml. (1 ml. Minimum) Serum,Refrigerated(2-8°C),,Electrochemilu minescence,4.30 PM,3rd Working Day,2250,3450,65.2%
566,S107,INTRINSIC FACTOR IGG ANTIBODY,2 ml. (1 ml. Minimum) Serum,Refrigerated(2-8°C),,Enzyme linked immunosorben t assay (ELISA),4.30 PM,Next day Evening Except Sunday,1550,2550,60.8%
567,P090,INV 16 MUTATION ASSAY (QUALITATIVE),3 ml. (2 ml. Minimum) Whole Blood in 1 EDTA tube.,Refrigerated(2-8°C),,Real Time PCR,4.30 PM,3rd Working Day,3450,5450,63.3%
568,C118,IRON,2 ml. (1 ml. Minimum) Serum,Refrigerated(2-8°C),Specify age and sex on test requisition form.,Spectrophotom etry,5.30 PM,Same Day,175,400,43.8%
569,C1296,IRON DEFICIENCY PROFILE,2 ml. (1 ml. Minimum) Serum,Refrigerated(2-8°C),,"Spectrophotom
etry+ Immunoturbidi metry",5.30 PM,Same Day,350,850,41.2%
570,C1297,IRON PROFILE BASIC,2 ml. (1 ml. Minimum) Serum,Refrigerated(2-8°C),,"Spectrophotom
etry+ Immunoturbidi metry",5.30 PM,Same Day,200,600,33.3%
571,C1310,IRON STUDIES (FOR ANEMIA PROFILE),2 ml. (1 ml. Minimum) Serum,Refrigerated(2-8°C),"Overnight fasting
(10-12 Hrs) is preferred.",Colorimetric Spectro-photometry,5.30 PM,Same Day,1150,2450,46.9%
572,C318,ISLET CELL ANTIBODY,2 ml. (1 ml. Minimum) Serum,Refrigerated(2-8°C),,"IFA
(Immunofluore scenceAssay)/E LISA",4.30 PM,Next day Evening Except Sunday,1750,2850,61.4%
573,P038,JAK2(EXON 12) MUTATION ANALYSIS,3 ml. (2 ml. Minimum) Whole Blood in 1 EDTA tube.,Refrigerated(2-8°C),,Real Time PCR,4.30 PM,3rd Working Day,4500,6850,65.7%
574,S137,JAPANESE ENCEPHALITIES VIRUS ANTIBODY-IGM,2 ml. (1 ml. Minimum) Serum,Refrigerated(2-8°C),,Immunochrom atography,4.30 PM,Next day Evening Except Sunday,800,1850,43.2%
575,P082,JAPANESE ENCEPHALITIES VIRUS by PCR,"2 ml. (1 ml. Minimum) CSF in a sterile, leak - proof screw
capped, plastic container",Refrigerated(2-8°C),,Real Time PCR,4.30 PM,3rd Working Day,3250,5250,61.9%
576,P203,JC POLIOMA VIRUS DNA BY REAL TIME PCR,"2 ml. (1 ml. Minimum) CSF in a sterile, leak - proof screw
capped, plastic container",Refrigerated(2-8°C),,Real Time PCR,4.30 PM,10th Working Day,3450,5450,63.3%
577,H198,KETONE,"10 ml.(5 ml. Minimum)Aliquot of Morning’s Ist voided Midstream Urine in a sterile,
screw capped container",Refrigerated(2-8°C),Do Not Freeze,Light microscopy,4.30 PM,Same Day,60,150,40.0%
578,M037,KOH PREPARATION FOR FUNGAL ELEMENTS,Any Sample,AMBIENT (18-25° C),Send Sample In Sterile Container,Conventional fungal culture and sensitivity,5.30 PM,Next day Evening Except Sunday,150,400,37.5%
579,M032,KOH PREPARATION FOR FUNGAL ELEMENTS (WET MOUNT),Any Sample,AMBIENT (18-25° C),Send Sample In Sterile Container,Conventional fungal culture and sensitivity,5.30 PM,Next day Evening Except Sunday,150,400,37.5%
580,C120,LACTATE,"2 ml. (1 ml. Minimum) Plasma from 1 Sodium Fluoride
(Grey Top) tube without
applying tourniquet","FROZEN  (-20°C) in
dry ice.",Separate plasma within2 hours of collection.Avoid sweat contamination,Spectrophotom etry,5.30 PM,Same Day,450,950,47.4%
581,C121,LACTATE - CSF,"2 ml. (1 ml. Minimum) CSF in a sterile, leak - proof screw
capped, plastic container","FROZEN  (-20°C) in
dry ice.",Specify age and sex ontest requisition form.,Spectrophotom etry,5.30 PM,Same Day,450,950,47.4%
582,C122,LACTIC DEHYDEROGENASE (LDH),2 ml. (1 ml. Minimum) Serum,Refrigerated(2-8°C),,Spectrophotom etry,5.30 PM,Same Day,150,350,42.9%
583,C125,LACTIC DEHYDEROGENASE (LDH) - ASCITIC FLUID,2ml. (1 ml. Minimum) ASCITIC FLUID.,Refrigerated(2-8°C),,Spectrophotom etry,5.30 PM,Same Day,200,500,40.0%
584,C123,LACTIC DEHYDEROGENASE (LDH) - CSF,"2 ml. (1 ml. Minimum) CSF in a sterile, leak - proof screw
capped, plastic container",Refrigerated(2-8°C),,Spectrophotom etry,5.30 PM,Same Day,200,500,40.0%
585,C124,LACTIC DEHYDEROGENASE (LDH) - PLEURAL FLUID,2ml. (1 ml. Minimum) PLUERAL FLUID.,Refrigerated(2-8°C),,Spectrophotom etry,5.30 PM,Same Day,200,500,40.0%
586,H036,LE CELLS,(PLASMA) in 1 Sodium Citrate (Light Blue Top) tube/Heparin tube,Refrigerated(2-8°C),,Romanowskyst aining,4.30 PM,Next day Evening Except Sunday,150,350,42.9%
587,C126,LEAD,2ml.(1ml. Minimum)WB-EDTA / WB-HEPARIN,Refrigerated(2-8°C),Do Not Freeze,"GraphiteFurnac eAtomicAbsorp tionSpectromet
ry(GFAAS)",4.30 PM,3rd Working Day,1050,2050,51.2%
588,C127,LEAD - 24 Hrs. Urine,"20 ml. (10 ml. Minimum)
sterile, 24 Hour container. aliquot of urine in a
screw capped , Record 24",Refrigerated(2-8°C),Do not use preservatives,"GraphiteFurnac eAtomicAbsorp tionSpectromet
ry(GFAAS)",4.30 PM,3rd Working Day,1050,2050,51.2%
589,C295,"LEISHMANIA ANTIBODY (KALAAZAR)/rk-
39 Antigen",2 ml. (1 ml. Minimum) Serum,Refrigerated(2-8°C),,Enzyme linked immunosorben t assay (ELISA),4.30 PM,Next day Evening Except Sunday,950,2050,46.3%
590,M176,LEPRA-STAIN,Any Sample,AMBIENT (18-25° C),Send Sample In Sterile Container,Light Microscopy,4.30 PM,3rd Working Day,115,250,46.0%
591,S053,LEPTOSPIRA IgG ANTIBODY - INFECTIOUS DISEASES,2 ml. (1 ml. Minimum) Serum,Refrigerated(2-8°C),,Enzyme linked immunosorben t assay (ELISA),4.30 PM,Next day Evening Except Sunday,700,1600,43.8%
592,S054,LEPTOSPIRA IgM ANTIBODY - INFECTIOUS DISEASES,2 ml. (1 ml. Minimum) Serum,Refrigerated(2-8°C),,Enzyme linked immunosorben t assay (ELISA),4.30 PM,Next day Evening Except Sunday,700,1600,43.8%
593,C1238,LEUCOCYTE ALKALINE PHOSPHATASE(LAP) SCORE,"5 fresh finger prick unfixed peripheral blood smears to be sent at room temperature +
3-4 ml WB- EDTA",Refrigerated(2-8°C),,Spectrophotom etry& ICT,4.30 PM,2nd Working Day,950,2050,46.3%
594,H087,LEUCOCYTE COMMON ANTIGEN (LCA):CD 45,"2 ml. (1 ml. Minimum) Whole blood (EDTA,or Heparin ), Plasma or Serum",Refrigerated(2-8°C),Brief clinical history mandatory,Flow Cytometry,4.30 PM,2nd Working Day,1050,1550,67.7%
595,C131,LH (LEUTINIZING HORMONE),2 ml. (1 ml. Minimum) Serum,Refrigerated(2-8°C),,"Chemiluminesc
ence Immunoassay (CLIA)",5.30 PM,Same Day,115,450,25.6%
596,C1286,LH/FSH RATIO,2 ml. (1 ml. Minimum) Serum,Refrigerated(2-8°C),,"Chemiluminesc
ence Immunoassay (CLIA)",5.30 PM,Same Day,230,900,25.6%
597,C128,LIPASE,2 ml. (1 ml. Minimum) Serum,Refrigerated(2-8°C),,Spectrophotom etry,5.30 PM,Same Day,280,600,46.7%
598,C129,LIPOPROTEIN A(LP-A),2 ml. (1 ml. Minimum) Serum,Refrigerated(2-8°C),"Overnight fasting
(10-12 Hrs) is preferred.",Nephelometry,4.30 PM,Next day Evening Except Sunday,450,950,47.4%
599,A076,LIQUID BASED CYTOLOGY,Smear,AMBIENT (18-25° C),Brief clinical history mandatory,Hybrid Capture 2 & Microscopy,4.30 PM,Same Day,450,1200,37.5%
600,C130,LITHIUM (LI),2 ml. (1 ml. Minimum) Serum,Refrigerated(2-8°C),"Recommended specimen: just before
the next dose is due
atsteady state",Ion Selective Electrode,5.30 PM,Same Day,150,350,42.9%
601,S083,LIVER-KIDNEY MICROSOME (LKM) - 1 ANTIBODY,2 ml. (1 ml. Minimum) Serum,Refrigerated(2-8°C),,Enzyme linked immunosorben t assay (ELISA),4.30 PM,Next day Evening Except Sunday,750,1650,45.5%
602,H037,LUPUS ANTICOAGULANT,"For PPP sample: 4 ml. (3 ml. Minimum) PPP
(Platelet Poor Plasma) from 2 Sodium Citrate tubes prepared within 1 hr of collection.
Aliquot PPP in 2 transport vials and FREEZE.","Local samples: 2-8° C to reach lab in 3 hours. Outstation
samples:(-20°C)",,Triggered Coagulation & Clot Detection,5.30 PM,Same Day,800,1850,43.2%
603,H040,LUPUS ANTICOAGULANT (CONFIRMATORY),2ml.(1ml. Minimum)Sodium Citrate Plasma/Serum,"Local samples: 2-8° C to reach lab in 3 hours. Outstation
samples:(-20°C)",,Triggered Coagulation & Clot Detection,5.30 PM,Same Day,1600,2550,62.7%
604,H546,LUPUS ANTICOAGULANT (dRVVT-RUSSELL VIPER VENOM TIME ),"For PPP sample: 4 ml. (3 ml. Minimum) PPP
(Platelet Poor Plasma) from 2 Sodium Citrate tubes prepared within 1 hr of collection.
Aliquot PPP in 2 transport vials and FREEZE.","Local samples: 2-8° C to reach lab in 3 hours. Outstation
samples:(-20°C)",,Viscosity based clot detection),5.30 PM,Same Day,900,2050,43.9%
605,C132,MAGNESIUM,2 ml. (1 ml. Minimum) Serum,Refrigerated(2-8°C),,Spectrophotom etry,5.30 PM,Same Day,150,500,30.0%
606,C1302,MAGNESIUM -  URINE,"15 ml.(10.0 ml. minimum) aliquot of Morning’s Midstream/Random Urine in
a sterile  leak - proof  screw",Refrigerated(2-8°C),2-8°C Specify age and sex on test requisition form,Spectrophotom etry,5.30 PM,Same Day,150,500,30.0%
607,C1303,MAGNESIUM - 24 Hrs. Urine,"20 ml. (10 ml. Minimum)
sterile, 24 Hour container. aliquot of urine in a
screw capped , Record 24",Refrigerated(2-8°C),Do not use preservatives,Spectrophotom etry,5.30 PM,Same Day,150,500,30.0%
608,H172,MALARIA ANTIBODY,2 ml. (1 ml. Minimum) Serum,Refrigerated(2-8°C),,Enzyme linked immunosorben t assay (ELISA),4.30 PM,Next day Evening Except Sunday,500,1250,40.0%
609,H038,MALARIAL FALCIPARUM AND VIVAX ANTIGEN (PARASITE V),"3 ml.(2 ml. Minimum) Whole blood in 1
EDTA (Lavender Top) tube and 2 unstained peripheral blood smears, air dried & sent in a slide mailer",Refrigerated(2-8°C),Do Not Freeze,Immunochrom atography,4.30 PM,Same Day,200,400,50.0%
610,H039,MALARIAL PARASITE SPECIES IDENTIFICATION,"3 ml.(2 ml. Minimum) Whole blood in 1
EDTA (Lavender Top) tube and 2 unstained peripheral blood smears, air dried & sent in a slide mailer",Refrigerated(2-8°C),,Leishman Staining & Microscopy,4.30 PM,Same Day,60,150,40.0%
611,H551,MALARIAL PARASITE(QBC),3 ml. (2 ml. Minimum) Whole Blood in 1 EDTA tube.,Refrigerated(2-8°C),,Light microscopy,4.30 PM,Next day Evening Except Sunday,400,850,47.1%
612,H108,MANTLE CELL LYMPHOMA MARKER:CYCLIN D1,"2 ml. (1 ml. Minimum) Whole blood (EDTA,or Heparin ), Plasma or Serum",Refrigerated(2-8°C),Brief clinical history mandatory,IHC,4.30 PM,5th Working Day,1225,1750,70.0%
613,H002,MANTOUX SKIN TEST,3 ml. (2 ml. Minimum) Whole Blood in 1 EDTA tube.,Refrigerated(2-8°C),Only for walk-in patients in main lab on working days.,Intradermal Skin Test,5.30 PM,2nd Working Day,130,300,43.3%
614,C221,MARIJUANA,"15 ml.(10.0 ml. minimum) aliquot of Morning’s Midstream/Random Urine in
a sterile  leak - proof  screw",Refrigerated(2-8°C),Do Not Freeze,"Lateral Flow
Immuno Chromatograp hy",4.30 PM,Next day Evening Except Sunday,325,650,50.0%
615,A057-E,MASSONS TRICHOME STAIN,SLIDE/BLOCK/TISSUE,FORMALIN/ETHANO L- FIXATIVE,Brief clinical history mandatory,Microscopy,4.30 PM,2nd Working Day,425,850,50.0%
616,H195,MDS IN-SITU BY FISH,Bone Marrow,Refrigerated(2-8°C),Brief clinical history mandatory,FISH,4.30 PM,5th Working Day,7550,11250,67.1%
617,H043,MEAN PLATELET VOLUME - MPV,3 ml. (2 ml. Minimum) Whole Blood in 1 EDTA tube.,Refrigerated(2-8°C),,Coulter Principle (Impedance),5.30 PM,Same Day,115,250,46.0%
618,P026,MEASLES - PCR,3 ml. (2 ml. Minimum) Whole Blood in 1 EDTA tube.,Refrigerated(2-8°C),,Real Time PCR,4.30 PM,3rd Working Day,2450,3850,63.6%
619,S090,MEASLES ANTIBODY IgG,"2 ml. (1 ml. Minimum) CSF in a sterile, leak - proof screw
capped, plastic container",Refrigerated(2-8°C),,Enzyme linked immunosorben t assay (ELISA),4.30 PM,Next day Evening Except Sunday,750,1650,45.5%
620,S091,MEASLES ANTIBODY IGM,2 ml. (1 ml. Minimum) Serum,Refrigerated(2-8°C),,Enzyme linked immunosorben t assay (ELISA),4.30 PM,Next day Evening Except Sunday,750,1650,45.5%
621,H089,MEGAKARYOCYTIC MARKER : CD 61,"2 ml. (1 ml. Minimum) Whole blood (EDTA,or Heparin ), Plasma or Serum",Refrigerated(2-8°C),Brief clinical history mandatory,Flow Cytometry,4.30 PM,2nd Working Day,1050,1550,67.7%
622,S173,MENINGOCOCCAL ANTIGEN,"2 ml. (1 ml. Minimum) CSF in a sterile, leak - proof screw
capped, plastic container",Refrigerated(2-8°C),,Enzyme linked immunosorben t assay (ELISA),4.30 PM,Next day Evening Except Sunday,1350,2550,52.9%
623,C136,MERCURY,2ml.(1ml. Minimum)WB-EDTA / WB-HEPARIN,Refrigerated(2-8°C),,AAS,4.30 PM,3rd Working Day,1050,2050,51.2%
624,C135,MERCURY- HAIR,Hair,Refrigerated(2-8°C),,AAS,4.30 PM,3rd Working Day,1050,2050,51.2%
625,C134,MERCURY -NAILS,Nails,Refrigerated(2-8°C),,AAS,4.30 PM,3rd Working Day,1050,2050,51.2%
626,C133,MERCURY- URINE,"15 ml.(10.0 ml. minimum) aliquot of Morning’s Midstream/Random Urine in
a sterile  leak - proof  screw",Refrigerated(2-8°C),DO NOT FREEZE,AAS,4.30 PM,3rd Working Day,1050,2050,51.2%
627,H188,METABOLIC SCREEN - URINE,"15 ml.(10.0 ml. minimum) aliquot of Morning’s Midstream/Random Urine in
a sterile  leak - proof  screw",Refrigerated(2-8°C),Do Not Freeze,Chemical Method,4.30 PM,10th Working Day,1450,2250,64.4%
628,H189,METABOLIC SCREEN (COMPREHENSIVE) - URINE,"15 ml.(10.0 ml. minimum) aliquot of Morning’s Midstream/Random Urine in
a sterile  leak - proof  screw",Refrigerated(2-8°C),Do Not Freeze,Chemical Method,4.30 PM,10th Working Day,3050,4850,62.9%
629,C642,METANEPHRINE - FREE,2 ml. (1 ml. Minimum) Plasma from 1 Sodium EDTA Tube,Refrigerated(2-8°C),,EIA(EnzymeIm munoassay),4.30 PM,Next day Evening Except Sunday,1650,3050,54.1%
630,C191,METANEPHRINES,"15 ml.(10.0 ml. minimum) aliquot of Morning’s Midstream/Random Urine in
a sterile  leak - proof  screw",AMBIENT (18-25° C),Do Not Freeze,"High Performance Liquid
Chromatograp",4.30 PM,Next day Evening Except Sunday,1550,2850,54.4%
631,C229,METHAMPHETAMINE,"15 ml.(10.0 ml. minimum) aliquot of Morning’s Midstream/Random Urine in
a sterile  leak - proof  screw",Refrigerated(2-8°C),DO NOT FREEZE,"Lateral Flow
Immuno Chromatograp hy",4.30 PM,Next day Evening Except Sunday,400,850,47.1%
632,C330,METHYL MALONIC ACID (MMA),"15 ml.(10.0 ml. minimum) aliquot of Morning’s Midstream/Random Urine in
a sterile  leak - proof  screw",Refrigerated(2-8°C),DO NOT FREEZE,Enzyme linked immunosorben t assay (ELISA),4.30 PM,2nd  Working Day,1250,1950,64.1%
633,P093,METHYLENE TETRAHYDROFOLATE REDUCTASE (MTHFR),3 ml. (2 ml. Minimum) Whole Blood in 1 EDTA tube.,Refrigerated(2-8°C),,Real Time PCR,4.30 PM,5th Working Day,4550,6850,66.4%
634,C137,MICROALBUMIN - 24hrs Urine,"20 ml. (10 ml. Minimum)
sterile, 24 Hour container. aliquot of urine in a
screw capped , Record 24",Refrigerated(2-8°C),Specify age and sex ontest requisition form.,Immunoturbidi metry,5.30 PM,Same Day,150,500,30.0%
635,C249,MICROALBUMIN SPOT URINE,"15 ml.(10.0 ml. minimum) aliquot of Morning’s Midstream/Random Urine in
a sterile  leak - proof  screw",Refrigerated(2-8°C),Do Not Freeze,Immunoturbidi metry,5.30 PM,Same Day,150,500,30.0%
636,C013,MICROALBUMIN/CREATININE RATIO SPOT,"15 ml.(10.0 ml. minimum) aliquot of Morning’s Midstream/Random Urine in
a sterile  leak - proof  screw",Refrigerated(2-8°C),Do Not Freeze,Immunoturbidi metry,5.30 PM,Same Day,175,550,31.8%
637,S167,MICROFILARIA ANTIBODY,2 ml. (1 ml. Minimum) Serum,Refrigerated(2-8°C),,Immunochrom atography,4.30 PM,Next day Evening Except Sunday,575,1250,46.0%
638,S055,MICROFILARIA ANTIGEN,2 ml. (1 ml. Minimum) Whole Blood from EDTA or Heparin .,Refrigerated(2-8°C),,Immunochrom atography,4.30 PM,Next day Evening Except Sunday,500,1050,47.6%
639,M031,MICROFILARIA DETECTION,3 ml. (2 ml. Minimum) Whole Blood in 1 EDTA tube.,Refrigerated(2-8°C),,Light microscopy,5.30 PM,Same Day,275,550,50.0%
640,C645,MILK ALLERGY,2 ml. (1 ml. Minimum) Serum,Refrigerated(2-8°C),,ELISA,4.30 PM,Next day Evening Except Sunday,400,850,47.1%
641,S174,MILK PROTEIN (CASEIN) IgG,2 ml. (1 ml. Minimum) Serum,Refrigerated(2-8°C),,Enzyme linked immunosorben t assay (ELISA),4.30 PM,Next day Evening Except Sunday,850,1850,45.9%
642,C1280,MINERAL(CALCIUM),2 ml. (1 ml. Minimum) Serum,Refrigerated(2-8°C),,Spectrophotom etry,4.30 PM,Next day Evening Except Sunday,230,575,40.0%
643,H097,MISCELLANEOUS MARKER : HLA - DR,"2 ml. (1 ml. Minimum) Whole blood (EDTA,or Heparin ), Plasma or Serum",Refrigerated(2-8°C),Brief clinical history mandatory,Flow Cytometry,4.30 PM,2nd Working Day,1050,1550,67.7%
644,S243,MONTOUX,Walk in Patient,Refrigerated(2-8°C),"Only for walk-in patients in
main lab on working days Patient should refrain from ejaculation for  2-7 days",Skin Test,5.3,Next day Evening Except Sunday,100,230,43.5%
645,A057-I,MUCICARMINE STAIN,SLIDE/BLOCK/TISSUE,FORMALIN/ETHANO L- FIXATIVE,Brief clinical history mandatory,Microscopy,4.30 PM,2nd Working Day,425,850,50.0%
646,S092,MUMPS IGG ANTIBODY - INFECTIOUS DISEASES,2 ml. (1 ml. Minimum) Serum,Refrigerated(2-8°C),,Enzyme linked immunosorben t assay (ELISA),4.30 PM,Next day Evening Except Sunday,850,1850,45.9%
647,S093,MUMPS IGM ANTIBODY - INFECTIOUS DISEASES,2 ml. (1 ml. Minimum) Serum,Refrigerated(2-8°C),,Enzyme linked immunosorben t assay (ELISA),4.30 PM,Next day Evening Except Sunday,850,1850,45.9%
648,P027,MUMPS- PCR,3 ml. (2 ml. Minimum) Whole Blood in 1 EDTA tube.,Refrigerated(2-8°C),,Enzyme linked immunosorben t assay (ELISA),4.30 PM,3rd Working Day,2450,3850,63.6%
649,C1279,"MYASTHENIA GRAVIS PROFILE AChR,ASMA,MUSK ROFILE",2 ml. (1 ml. Minimum) Serum,Refrigerated(2-8°C),,IFA/ELISA/RIA,4.30 PM,3rd Working Day,12500,18500,67.6%
650,P016,MYCOBACTERIUM COMPLEX - PCR PERIPHERAL BLOOD (QUALITATIVE),3 ml. (2 ml. Minimum) Whole Blood in 1 EDTA tube.,Refrigerated(2-8°C),,Real Time PCR,4.30 PM,Next day Evening Except Sunday,800,1800,44.4%
651,P014,MYCOBACTERIUM COMPLEX - PCR BAL (QUALITATIVE),2ml. (1 ml. Minimum) BAL FLUID.,Refrigerated(2-8°C),,Real Time PCR,4.30 PM,Next day Evening Except Sunday,800,1800,44.4%
652,P008,MYCOBACTERIUM COMPLEX - PCR CSF (QUALITATIVE),"2 ml. (1 ml. Minimum) CSF in a sterile, leak - proof screw
capped, plastic container",Refrigerated(2-8°C),,Real Time PCR,4.30 PM,Next day Evening Except Sunday,800,1800,44.4%
653,P010,MYCOBACTERIUM COMPLEX - PCR PLEURAL FLUID (QUALITATIVE),2ml. (1 ml. Minimum) PLUERAL FLUID.,Refrigerated(2-8°C),,Real Time PCR,4.30 PM,Next day Evening Except Sunday,800,1800,44.4%
654,P013,MYCOBACTERIUM COMPLEX - PCR SPUTUM (QUALITATIVE),"2 ml. (1 ml. Minimum)sputum sample  in a sterile, leak - proof screw capped, plastic container.",Refrigerated(2-8°C),,Real Time PCR,4.30 PM,Next day Evening Except Sunday,800,1800,44.4%
655,P012,MYCOBACTERIUM COMPLEX - PCR SYNOVIAL FLUID (QUALITATIVE),2 ml. (1 ml. Minimum) SYNOVIAL FLUID,Refrigerated(2-8°C),,Real Time PCR,4.30 PM,Next day Evening Except Sunday,800,1800,44.4%
656,P009,MYCOBACTERIUM COMPLEX - PCR TISSUE  (QUALITATIVE),Tissue,Refrigerated(2-8°C),,Real Time PCR,4.30 PM,Next day Evening Except Sunday,800,1800,44.4%
657,P017,MYCOBACTERIUM COMPLEX - PCR URINE,"10 ml.(5 ml. Minimum)Aliquot of Morning’s Ist voided Midstream Urine in a sterile,
screw capped container",Refrigerated(2-8°C),Do not use preservatives,Real Time PCR,4.30 PM,Next day Evening Except Sunday,800,1800,44.4%
658,P011,MYCOBACTERIUM COMPLEX -PCR ASCITIC FLUID (QUALITATIVE),2ml. (1 ml. Minimum) ASCITIC FLUID.,Refrigerated(2-8°C),,Real Time PCR,4.30 PM,Next day Evening Except Sunday,800,1800,44.4%
659,P015,MYCOBACTERIUM TUBERCULOSIS DNA PCR - QUALITATIVE,Any Sample,Refrigerated(2-8°C),,Real Time PCR,4.30 PM,Next day Evening Except Sunday,800,1800,44.4%
660,P040,MYCOBACTERIUM TUBERCULOSIS - GENE EXPERT,"2 ml. (1 ml. Minimum) Any Specimen except Blood and Swabs in a sterile, leak - proof screw capped, plastic container.",Refrigerated(2-8°C),Prices are applicable as per Gov. Norms,Real Time PCR,4.30 PM,3rd Working Day,1900,2750,69.1%
661,P032,MYCOBACTERIUM TUBERCULOSIS VIABLE PROKARYOTIC -mRNA PCR,Any Sample,Refrigerated(2-8°C),,Real Time PCR,4.30 PM,3rd Working Day,1850,3250,56.9%
662,H076,MYELO MONOCYTIC CELL MARKER : CD 14,"2 ml. (1 ml. Minimum) Whole blood (EDTA,or Heparin ), Plasma or Serum",Refrigerated(2-8°C),Brief clinical history mandatory,Flow Cytometry,4.30 PM,2nd Working Day,1050,1550,67.7%
663,H090,MYELO MONOCYTIC CELL MARKER : CD 64,"2 ml. (1 ml. Minimum) Whole blood (EDTA,or Heparin ), Plasma or Serum",Refrigerated(2-8°C),Brief clinical history mandatory,Flow Cytometry,4.30 PM,2nd Working Day,1050,1550,67.7%
664,H074,MYELOID / HAIRY CELL / NHL DIFFERENTIATION,"2 ml. (1 ml. Minimum) Whole blood (EDTA,or Heparin ), Plasma or Serum",Refrigerated(2-8°C),Brief clinical history mandatory,Flow Cytometry,4.30 PM,2nd Working Day,1050,1550,67.7%
665,H095,"MYELOID CELL MARKER / GIST MARKER
: CD 15","2 ml. (1 ml. Minimum) Whole blood (EDTA,or Heparin ), Plasma or Serum",Refrigerated(2-8°C),Brief clinical history mandatory,Flow Cytometry,4.30 PM,2nd Working Day,1050,1550,67.7%
666,H075,MYELOID CELL MARKER : CD 13,"2 ml. (1 ml. Minimum) Whole blood (EDTA,or Heparin ), Plasma or Serum",Refrigerated(2-8°C),Brief clinical history mandatory,Flow Cytometry,4.30 PM,2nd Working Day,1050,1550,67.7%
667,H563,MYELOID CELL MARKER : CD 15,"2 ml. (1 ml. Minimum) Whole blood (EDTA,or Heparin ), Plasma or Serum",Refrigerated(2-8°C),Brief clinical history mandatory,Flow Cytometry,4.30 PM,2nd Working Day,1050,1550,67.7%
668,H084,MYELOID CELL MARKER : CD 33,"2 ml. (1 ml. Minimum) Whole blood (EDTA,or Heparin ), Plasma or Serum",Refrigerated(2-8°C),Brief clinical history mandatory,Flow Cytometry,4.30 PM,2nd Working Day,1050,1550,67.7%
669,H099,MYELOID CELL MARKER : MPO,"2 ml. (1 ml. Minimum) Whole blood (EDTA,or Heparin ), Plasma or Serum",Refrigerated(2-8°C),Brief clinical history mandatory,Flow Cytometry,4.30 PM,2nd Working Day,1050,1550,67.7%
670,H077,MYELOID CELL MARKER:CD 15,"2 ml. (1 ml. Minimum) Whole blood (EDTA,or Heparin ), Plasma or Serum",Refrigerated(2-8°C),Brief clinical history mandatory,Flow Cytometry,4.30 PM,2nd Working Day,1050,1550,67.7%
671,H193,MYELOMA IN - SITU,B.Marrow Heparinized,Refrigerated(2-8°C),,FISH/Gene Sequencing,4.30 PM,5th Working Day,7500,10800,69.4%
672,C139,MYOGLOBIN - URINE,"15 ml.(10.0 ml. minimum) aliquot of Morning’s Midstream/Random Urine in
a sterile  leak - proof  screw",Refrigerated(2-8°C),Do not use preservatives,Nephelometry,4.30 PM,Next day Evening Except Sunday,850,1850,45.9%
673,C242,MYOGLOBIN-SERUM,2 ml. (1 ml. Minimum) Serum,Refrigerated(2-8°C),,"Electro
Chemiluminesc ence Immunoassay",4.30 PM,Next day Evening Except Sunday,850,1850,45.9%
674,H078,NATURAL KILLER CELL MARKER : CD 16,"2 ml. (1 ml. Minimum) Whole blood (EDTA,or Heparin ), Plasma or Serum",Refrigerated(2-8°C),Brief clinical history mandatory,Flow Cytometry,4.30 PM,2nd Working Day,1050,1550,67.7%
675,H088,NATURAL KILLER CELL MARKER : CD 56,"2 ml. (1 ml. Minimum) Whole blood (EDTA,or Heparin ), Plasma or Serum",Refrigerated(2-8°C),Brief clinical history mandatory,Flow Cytometry,4.30 PM,2nd Working Day,1050,1550,67.7%
676,H177,NESTROFT TEST (NAKED EYE SINGLE TUBE RED CELL OSMOTIC FRAGILITY TEST),3 ml. (2 ml. Minimum) Whole Blood in 1 EDTA tube.,Refrigerated(2-8°C),,Spectrophotom etry (O.S.),4.30 PM,Next day Evening Except Sunday,300,850,35.3%
677,C248,NICOTINE/COTININE(URINE),"15 ml.(10.0 ml. minimum) aliquot of Morning’s Midstream/Random Urine in
a sterile  leak - proof  screw",Refrigerated(2-8°C),Do not use preservatives,Lateral Flow Chromatograp hy,4.30 PM,Same Day,1350,2050,65.9%
678,S031,"NMO- ANTI-AQUAPORIN-4,IGG",2 ml. (1 ml. Minimum) Serum,Refrigerated(2-8°C),,Indirect Immunofluores cence,4.30 PM,3rd Working Day,2550,4550,56.0%
679,S239,"NMO- ANTI-AQUAPORIN-4,IGG-CSF","2 ml. (1 ml. Minimum) CSF in a sterile, leak - proof screw
capped, plastic container",Refrigerated(2-8°C),,Indirect Immunofluores cence,4.30 PM,3rd Working Day,2550,4550,56.0%
680,C393,NON-METANEPHRINE - 24Hrs. Urine,"20 ml. (10 ml. Minimum)
sterile, 24 Hour container. aliquot of urine in a
screw capped , Record 24",Refrigerated(2-8°C),Do Not Freeze,Enzyme linked immunosorben t assay (ELISA),4.30 PM,3rd Working Day,1550,2850,54.4%
681,C230,OLIGOCLONAL BANDS CSF ELECTROPHORESIS BASED TEST,"2 ml. (1 ml. Minimum) CSF in a sterile, leak - proof screw
capped, plastic container",Refrigerated(2-8°C),Do Not Freeze,Agarose Gel Electrophoresis,4.30 PM,3rd Working Day,3050,4850,62.9%
682,C141,OSMOLALITY - URINE,"15 ml.(10.0 ml. minimum) aliquot of Morning’s Midstream/Random Urine in
a sterile  leak - proof  screw",Refrigerated(2-8°C),Do not use preservatives,Freezing Point Depression,4.30 PM,Next day Evening Except Sunday,400,850,47.1%
683,C140,OSMOLALITY-SERUM,2 ml. (1 ml. Minimum) Serum,Refrigerated(2-8°C),,Freezing Point Depression,4.30 PM,Next day Evening Except Sunday,400,850,47.1%
684,H044,OSMOTIC FRAGILITY TEST,2 ml. (1 ml. Minimum) Serum,Refrigerated(2-8°C),Do Not Freeze,Manual,4.30 PM,Next day Evening Except Sunday,500,1050,47.6%
685,C312,OSTEOCALCIN,2 ml. (1 ml. Minimum) Serum,"FROZEN  (-20°C) in
dry ice.",Specify age and sex ontest requisition form.,"Chemiluminesc
ence Immunoassay (CLIA)",4.30 PM,3rd Working Day,1650,2450,67.3%
686,C200,OXALATE - 24 Hrs. Urine,"20 ml. (10 ml. Minimum)
sterile, 24 Hour container. aliquot of urine in a
screw capped , Record 24",Refrigerated(2-8°C),"10 mL aliquot of 24 hrs Urine.Collect urine with
25 mL 50 % of concentrated
HCL to maintain",Spectrophotom etry,4.30 PM,Next day Evening Except Sunday,1050,2050,51.2%
687,H555,P/S FOR MICROFLARIA,3 ml. (2 ml. Minimum) Whole Blood in 1 EDTA tube.,Refrigerated(2-8°C),,Light microscopy,4.30 PM,Same Day,115,250,46.0%
688,H194,P53 DELETION OR (DEL 17P),Bone Marrow,Refrigerated(2-8°C),Brief clinical history mandatory,IHC,4.30 PM,5th Working Day,3850,6500,59.2%
689,H045,PACKED CELL VOULME,3 ml. (2 ml. Minimum) Whole Blood in 1 EDTA tube.,Refrigerated(2-8°C),,Coulter Principle (Impedance),4.30 PM,Same Day,70,180,38.9%
690,H079,PAN B - CELL MARKER : CD 19,"2 ml. (1 ml. Minimum) Whole blood (EDTA,or Heparin ), Plasma or Serum",Refrigerated(2-8°C),Brief clinical history mandatory,Flow Cytometry,4.30 PM,2nd Working Day,1050,1550,67.7%
691,H080,PAN B - CELL MARKER : CD 20,"2 ml. (1 ml. Minimum) Whole blood (EDTA,or Heparin ), Plasma or Serum",Refrigerated(2-8°C),Brief clinical history mandatory,Flow Cytometry,4.30 PM,2nd Working Day,1050,1550,67.7%
692,H113,PAN B - CELL MARKER : CD 21,"2 ml. (1 ml. Minimum) Whole blood (EDTA,or Heparin ), Plasma or Serum",Refrigerated(2-8°C),Brief clinical history mandatory,Flow Cytometry,4.30 PM,2nd Working Day,1050,1550,67.7%
693,H081,PAN B - CELL MARKER : CD 22,"2 ml. (1 ml. Minimum) Whole blood (EDTA,or Heparin ), Plasma or Serum",Refrigerated(2-8°C),Brief clinical history mandatory,Flow Cytometry,4.30 PM,2nd Working Day,1050,1550,67.7%
694,H072,PAN T - CELL / EARLY MYELOID CELL MARKER : CD 7,"2 ml. (1 ml. Minimum) Whole blood (EDTA,or Heparin ), Plasma or Serum",Refrigerated(2-8°C),Brief clinical history mandatory,Flow Cytometry,4.30 PM,2nd Working Day,1050,1550,67.7%
695,H092,PAN T - CELL MARKER : CD 2,"2 ml. (1 ml. Minimum) Whole blood (EDTA,or Heparin ), Plasma or Serum",Refrigerated(2-8°C),Brief clinical history mandatory,Flow Cytometry,4.30 PM,2nd Working Day,1050,1550,67.7%
696,H091,PAN T - CELL MARKER : CD 3,"2 ml. (1 ml. Minimum) Whole blood (EDTA,or Heparin ), Plasma or Serum",Refrigerated(2-8°C),Brief clinical history mandatory,Flow Cytometry,4.30 PM,2nd Working Day,1050,1550,67.7%
697,S002,P-ANCA (MPO),2 ml. (1 ml. Minimum) Serum,Refrigerated(2-8°C),,Enzyme linked immunosorben t assay (ELISA),4.30 PM,Next day Evening Except Sunday,550,1400,39.3%
698,C205,PAPP-A (PREGNANCY ASSOCIATED PARA PROTEIN-A),2 ml. (1 ml. Minimum) Serum,Refrigerated(2-8°C),Specify age and sex ontest requisition form.,EIA(EnzymeIm munoassay),4.30 PM,Next day Evening Except Sunday,900,1850,48.6%
699,C114,PARATHYROID HORMONE (PTH),2 ml. (1 ml. Minimum) Serum,Refrigerated(2-8°C),,"Chemiluminesc
ence Immunoassay (CLIA)",5.30 PM,Same Day,525,1450,36.2%
700,S096,PARIETAL CELL ANTIBODY,2 ml. (1 ml. Minimum) Serum,Refrigerated(2-8°C),"Overnight fasting
(10-12 Hrs) is preferred.","IFA
(Immunofluore scenceAssay)",4.30 PM,Next day Evening Except Sunday,1550,2850,54.4%
701,H176,PAROXYSMAL NOCTURNAL HAEMOGLOBINURIA (PNH) DIAGNOSTIC PANEL,3ml.(2ml. Minimum)EDTA/Heaprin Plasma/Serum,Refrigerated(2-8°C),,Flow Cytometry,4.30 PM,2nd Working Day,2550,4550,56.0%
702,S132,PARVOVIRUS B19 IGG ANTIBODIES - INFECTIOUS DISEASE,2 ml. (1 ml. Minimum) Serum,Refrigerated(2-8°C),,Enzyme linked immunosorben t assay (ELISA),4.30 PM,3rd Working Day,2050,3550,57.7%
703,S133,PARVOVIRUS B19 IGM ANTIBODIES - INFECTIOUS DISEASE,2 ml. (1 ml. Minimum) Serum,Refrigerated(2-8°C),,Enzyme linked immunosorben t assay (ELISA),4.30 PM,3rd Working Day,2050,3550,57.7%
704,A057-H,PAS STAIN,SLIDE/BLOCK/TISSUE,FORMALIN/ETHANO L- FIXATIVE,Brief clinical history mandatory,Microscopy,4.30 PM,2nd Working Day,425,850,50.0%
705,C094,PERITONEAL/ASCITIC FLUID ANALYSIS,2ml. (1 ml. Minimum) ASCITIC FLUID.,Refrigerated(2-8°C),"Overnight fasting
(10-12 Hrs) is preferred.",Spectrophotom etry Microscopy,4.30 PM,Same Day,175,350,50.0%
706,A057-A,PERLS STAIN,SLIDE/BLOCK/TISSUE,FORMALIN/ETHANO L- FIXATIVE,Brief clinical history mandatory,Microscopy,4.30 PM,2nd Working Day,425,850,50.0%
707,C1306,PHENCYCLIDINE SCREEN - URINE - DRUG ASSAY,"15 ml.(10.0 ml. minimum) aliquot of Morning’s Midstream/Random Urine in
a sterile  leak - proof  screw",Refrigerated(2-8°C),Do not use preservatives,Lateral Flow Chromatograp hy,4.30 PM,Same Day,325,650,50.0%
708,C142,PHENOBARBITAL (GARDINAL),2 ml. (1 ml. Minimum) Serum,Refrigerated(2-8°C),,"Chemiluminesc
ence Immunoassay (CLIA)",4.30 PM,Next day Evening Except Sunday,575,1050,54.8%
709,C143,PHENYTOIN (DILANTIN/EPTOIN/EPSOLIN) - DRUG ASSAY,2 ml.(1 ml. Minimum) Serum,Refrigerated(2-8°C),,"Chemiluminesc enceMicroparti cle
Immunoassay(",5.30 PM,Same Day,450,950,47.4%
710,R004,PHILADELPHIA CHROMOSOME SCREENING,(PLASMA) in 1 Sodium Citrate (Light Blue Top) tube/Heparin tube,Refrigerated(2-8°C),,Karyotyping,4.30 PM,15th Working Day,2050,3050,67.2%
711,C144,PHOSPHORUS,2 ml. (1 ml. Minimum) Serum,Refrigerated(2-8°C),"Overnight fasting
(10-12 Hrs) is preferred.",Spectrophotom etry,5.30 PM,Same Day,60,150,40.0%
712,C196,PHOSPHORUS 24 Hrs. Urine,"20 ml. (10 ml. Minimum)
sterile, 24 Hour container. aliquot of urine in a
screw capped , Record 24",Refrigerated(2-8°C),Do not use preservatives,Spectrophotom etry,5.30 PM,Same Day,100,230,43.5%
713,H106,PLASMA CELL / MULTIPLE MARKER : CD 138,"2 ml. (1 ml. Minimum) Whole blood (EDTA,or Heparin ), Plasma or Serum",Refrigerated(2-8°C),Brief clinical history mandatory,Flow Cytometry,4.30 PM,2nd Working Day,1050,1550,67.7%
714,H086,PLASMA CELL / PROGNOSTIC CLL MARKER : CD 38,"2 ml. (1 ml. Minimum) Whole blood (EDTA,or Heparin ), Plasma or Serum",Refrigerated(2-8°C),Brief clinical history mandatory,Flow Cytometry,4.30 PM,2nd Working Day,1050,1550,67.7%
715,C212,PLASMA RENIN,"5 ml. (2.5 ml. Minimum) Plasma from 2 EDTA tubes. Collect blood between 8 a.m.
& 10 a m   af ter 30 minutes","FROZEN  (-20°C) in
dry ice.",,RadioImmunoa ssay(RIA),4.30 PM,Next day Evening Except Sunday,3250,5050,64.4%
716,H046,PLATELET COUNT,3 ml. (2 ml. Minimum) Whole Blood in 1 EDTA tube.,Refrigerated(2-8°C),Prices are applicable as per Gov. Norms,Coulter Principle (Impedance),5.30 PM,Same Day,50,100,50.0%
717,C093,PLEURAL FLUID ANALYSIS,2ml. (1 ml. Minimum) PLUERAL FLUID.,Refrigerated(2-8°C),,"Microscopy/
VCS
Technology Spectrophotom",4.30 PM,Same Day,175,350,50.0%
718,R005,PML-RARA (APML),"2 ml. (1 ml. Minimum) Whole blood (EDTA,or Heparin ), Plasma or Serum",Refrigerated(2-8°C),,FISH/Real Time PCR,4.30 PM,5th Working Day,3750,5850,64.1%
719,C311,PNEUMOCYSTIS CARINI DETECTION,2ml. (1 ml. Minimum) BAL FLUID.,Refrigerated(2-8°C),,"IFA
(Immunofluore scenceAssay)",4.30 PM,2nd Working Day,1950,2950,66.1%
720,M175,PNEUMOCYSTIS CARINII DETECTION Â†,2ml. (1 ml. Minimum) BAL FLUID.,AMBIENT (18-25° C),Send Sample In Sterile Container,Light Microscopy,4.30 PM,3rd Working Day,1950,2850,68.4%
721,H552,POLARISING MICROSCOPIC(SYNOVIAL FLUID),2 ml. (1 ml. Minimum) SYNOVIAL FLUID,Refrigerated(2-8°C),,POLARISING MICROSCOPIC,4.30PM,Same Day,1150,2250,51.1%
722,C211,PORPHOBILILNOGEN - URINE,"15 ml.(10.0 ml. minimum) aliquot of Morning’s Midstream/Random Urine in
a sterile  leak - proof  screw",Refrigerated(2-8°C),Do not use preservatives,Qualitative chemical method,4.30 PM,2nd Working Day,2350,3550,66.2%
723,C146,POTASSIUM,2 ml. (1 ml. Minimum) Serum,Refrigerated(2-8°C),"Hemolysed samples are not acceptable.
Overnight fasting
ispreferred",Ion Selective Electrode,5.30 PM,Same Day,60,180,33.3%
724,C147,POTASSIUM - 24 Hrs. Urine,"20 ml. (10 ml. Minimum)
sterile, 24 Hour container. aliquot of urine in a
screw capped , Record 24",Refrigerated(2-8°C),"Do not use preservatives.Blood contaminated & highly
turbid sample are not",Ion Selective Electrode,5.30 PM,Same Day,100,230,43.5%
725,C1293,POTASSIUM - URINE,"15 ml.(10.0 ml. minimum) aliquot of Morning’s Midstream/Random Urine in
a sterile  leak - proof  screw",Refrigerated(2-8°C),"Do not use preservatives.Blood contaminated & highly
turbid sample are not",Ion Selective Electrode,5.30 PM,Same Day,60,150,40.0%
726,C241,PREALBUMIN,2 ml. (1 ml. Minimum) Serum,Refrigerated(2-8°C),,Nephelometry,4.30 PM,Next day Evening Except Sunday,115,250,46.0%
727,H085,PRECURSOR CELL MARKER : CD 34,"2 ml. (1 ml. Minimum) Whole blood (EDTA,or Heparin ), Plasma or Serum",Refrigerated(2-8°C),Brief clinical history mandatory,Flow Cytometry,4.30 PM,2nd Working Day,1050,1550,67.7%
728,H096,PRECURSOR CELL MARKER : TDT,"2 ml. (1 ml. Minimum) Whole blood (EDTA,or Heparin ), Plasma or Serum",Refrigerated(2-8°C),Brief clinical history mandatory,Flow Cytometry,4.30 PM,2nd Working Day,1050,1550,67.7%
729,C148,PREGNANCY TEST - URINE,"10 ml.(5 ml. Minimum)Aliquot of Morning’s Ist voided Midstream Urine in a sterile,
screw capped container",Refrigerated(2-8°C),Do not use preservatives,Immunochrom atography,5.30 PM,Same Day,60,150,40.0%
730,C231,PRO CALCITONIN,2 ml. (1 ml. Minimum) Serum,Refrigerated(2-8°C),,Immunochrom atography,4.30 PM,Next day Evening Except Sunday,1650,3300,50.0%
731,C008,PRO-BETA NATRIURETIC PEPTIDE (BNP),2 ml. (1 ml. Minimum) Serum,Refrigerated(2-8°C),,Electrochemilu minescence,5.30 PM,Same Day,1800,2850,63.2%
732,C149,PROGESTERONE,2 ml. (1 ml. Minimum) Serum,Refrigerated(2-8°C),,"Chemiluminesc
ence Immunoassay (CLIA)",5.30 PM,Same Day,200,650,30.8%
733,H070,PROGNOSTIC ALL MARKER : CD10 (CALLA),"2 ml. (1 ml. Minimum) Whole blood (EDTA,or Heparin ), Plasma or Serum",Refrigerated(2-8°C),Brief clinical history mandatory,Flow Cytometry,4.30 PM,2nd Working Day,1050,1550,67.7%
734,H105,PROGNOSTIC B - CLL MARKER : ZAP 70,"2 ml. (1 ml. Minimum) Whole blood (EDTA,or Heparin ), Plasma or Serum",Refrigerated(2-8°C),Brief clinical history mandatory,Flow Cytometry,4.30 PM,2nd Working Day,1050,1550,67.7%
735,C1243,PROLACTIN(POOLED),2 ml. (1 ml. Minimum) Serum,Refrigerated(2-8°C),,"Chemiluminesc
ence Immunoassay (CLIA)",5.30 PM,Same Day,230,600,38.3%
736,C150,PROLACTIN(PRL),2 ml. (1 ml. Minimum) Serum,Refrigerated(2-8°C),,Electrochemilu minescence,5.30 PM,Same Day,115,450,25.6%
737,C151,PROSTATE SPECIFIC ANTIGEN (FREE) PSA,2 ml. (1 ml. Minimum) Serum,Refrigerated(2-8°C),,"Chemiluminesc
ence Immunoassay (CLIA)",5.30 PM,Same Day,400,1050,38.1%
738,C152,PROSTATE SPECIFIC ANTIGEN (TOTAL) PSA,2 ml. (1 ml. Minimum) Serum,Refrigerated(2-8°C),,"Chemiluminesc
ence Immunoassay (CLIA)",5.30 PM,Same Day,230,650,35.4%
739,C002,PROSTATIC ACID PHOSPHATASE (PAP),2 ml. (1 ml. Minimum) Serum,Refrigerated(2-8°C),,Spectrophotom etry,4.30 PM,Next day Evening Except Sunday,400,850,47.1%
740,C207,PROTEIN - URINE SPOT TEST,"15 ml.(10.0 ml. minimum) aliquot of Morning’s Midstream/Random Urine in
a sterile  leak - proof  screw",Refrigerated(2-8°C),Do Not Freeze,Spectrophotom etry,5.30 PM,Same Day,100,230,43.5%
741,H047,PROTEIN C-FUNCTIONAL,2ml. (1ml. MinimumPLASMA in 1 Sodium Citrate (Light Blue Top) tube.,Refrigerated(2-8°C),,Enhanced Coagulation,4.30 PM,Next day Evening Except Sunday,1840,3450,53.3%
742,C155,PROTEIN ELECTROPHORESIS - CSF - ELECTROPHORESIS BAS,"2 ml. (1 ml. Minimum) CSF in a sterile, leak - proof screw
capped, plastic container",Refrigerated(2-8°C),Do Not Freeze,Agarose Gel Electrophoresis,4.30 PM,Next day Evening Except Sunday,1050,2050,51.2%
743,C262,PROTEIN ELECTROPHORESIS - PLEURAL FLUID,2ml. (1 ml. Minimum) PLUERAL FLUID.,Refrigerated(2-8°C),,Electrochemilu minescence,4.30 PM,Next day Evening Except Sunday,1050,2050,51.2%
744,C156,"PROTEIN ELECTROPHORESIS 24 Hrs.
Urine","20 ml. (10 ml. Minimum)
sterile, 24 Hour container. aliquot of urine in a
screw capped , Record 24",Refrigerated(2-8°C),Do Not Freeze,Gel Electrophoresis,4.30 PM,Next day Evening Except Sunday,1050,2050,51.2%
745,C154,PROTEIN ELECTROPHORESIS- SERUM,2 ml. (1 ml. Minimum) Serum,Refrigerated(2-8°C),Do Not Freeze,"Densitometry, AgaroseGel Electrophoresis",4.30 PM,Next day Evening Except Sunday,350,850,41.2%
746,H048,PROTEIN S-FUNCTIONAL,(PLASMA) in 1 Sodium Citrate (Light Blue Top) tube.,Refrigerated(2-8°C),,Enhanced Coagulation,4.30 PM,Next day Evening Except Sunday,1840,3450,53.3%
747,C157,PROTEIN TOTAL,2 ml. (1 ml. Minimum) Serum,Refrigerated(2-8°C),,Spectrophotom etry,5.30 PM,Same Day,60,150,40.0%
748,C158,"PROTEIN TOTAL WITH ALBUMIN, GLOBULIN",2 ml. (1 ml. Minimum) Serum,Refrigerated(2-8°C),,Spectrophotom etry,5.30 PM,Same Day,100,230,43.5%
749,H049,PROTHROMBIN TIME & INR,2ml.(1ml. Minimum)Sodium Citrate Plasma/Serum,"Local samples: 2-8° C to reach lab in 3 hours. Outstation
samples:(-20°C)",,Triggered Coagulation & Clot Detection,5.30 PM,Same Day,100,300,33.3%
750,C1291,PYRUVATE/PYUVIC ACID,"4 ml. (3 ml. Minimum) whole blood in 1 Grey top (Sodium
Fluoride) tube & mix it immediately
with equal volume","FROZEN  (-20°C) in
dry ice.",,Spectrophotom etry,4.30 PM,Next day Evening Except Sunday,1380,3450,40.0%
751,S058,RAPID PLASMA REAGIN (RPR TEST),2 ml. (1 ml. Minimum) Serum,Refrigerated(2-8°C),,"SLIDE
Agglutination",5.30 PM,Same Day,85,190,44.7%
752,S135,RAPID PLASMA REAGIN (RPR -TITRE TEST),2 ml. (1 ml. Minimum) Serum,Refrigerated(2-8°C),,"SLIDE
Agglutination",5.30 PM,Same Day,175,400,43.8%
753,C160,RBC FOLATE,3 ml. (2 ml. Minimum) Whole Blood in 1 EDTA tube.,Refrigerated(2-8°C),,ElectroChemilu minescence,4.30 PM,Next day Evening Except Sunday,1050,2050,51.2%
754,P194,RESULT FOR JAK2 (V617F) MUTATION,5-6 ml whole blood /3-4 ml bone marrow in 2 EDTA Vacutainers.,Refrigerated(2-8°C),,END POINT PCR,4.30 PM,10th Working Day,3750,5850,64.1%
755,A057-D,RETICULIN STAIN,SLIDE/BLOCK/TISSUE,FORMALIN/ETHANO L- FIXATIVE,Brief clinical history mandatory,Microscopy,4.30 PM,2nd Working Day,425,850,50.0%
756,H050,RETICULOCYTE COUNT,3 ml. (2 ml. Minimum) Whole Blood in 1 EDTA tube.,Refrigerated(2-8°C),,Supravital Stain,5.30 PM,Same Day,100,300,33.3%
757,H034,RETICULOCYTE INDEX,3 ml. (2 ml. Minimum) Whole Blood in 1 EDTA tube.,Refrigerated(2-8°C),,Light microscopy,5.30 PM,Same Day,70,180,38.9%
758,H051,RH ANTIBODY TITRE,2 ml. (1 ml. Minimum) Serum,Refrigerated(2-8°C),,Manual,4.30 PM,Next day Evening Except Sunday,350,950,36.8%
759,S059,RHEUMATOID FACTOR (RA FACTOR) - QUANTITATIVE,2 ml. (1 ml. Minimum) Serum,Refrigerated(2-8°C),,Immunoturbidi metry,5.30 PM,Same Day,230,550,41.8%
760,S072,RHEUMATOID FACTOR IGA ANTIBODY,2 ml. (1 ml. Minimum) Serum,Refrigerated(2-8°C),,"ELISA
Chemiluminesc ence",4.30 PM,Next day Evening Except Sunday,500,950,52.6%
761,S056,RHEUMATOID FACTOR IGG ANTIBODY,2 ml. (1 ml. Minimum) Serum,Refrigerated(2-8°C),,"ELISA
Chemiluminesc ence",4.30 PM,Next day Evening Except Sunday,500,950,52.6%
762,S057,RHEUMATOID FACTOR IGM ANTIBODY,2 ml. (1 ml. Minimum) Serum,Refrigerated(2-8°C),,Enzyme linked immunosorben t assay (ELISA),4.30 PM,Next day Evening Except Sunday,500,950,52.6%
763,C297,RISK OF OVARIAN MALIGNANCY ALOGRITHM (ROMA),2 ml. (1 ml. Minimum) Serum,Refrigerated(2-8°C),,"Chemiluminesc
ence Immunoassay (CLIA)",4.30 PM,2nd Working Day,2750,4650,59.1%
764,S060,ROTA VIRUS ANTIGEN,"5ml (3ml. Minimum) Stool in a leak-proof, plastic, screw capped container. Do not use match box or absorbant material",AMBIENT (18-25° C),,Immunoblot,4.30 PM,Next day Evening Except Sunday,350,850,41.2%
765,S131,RPR (SEROLOGY FOR SYPHILIS),2 ml. (1 ml. Minimum) Serum,Refrigerated(2-8°C),,Slide Flocculation,5.30 PM,Same Day,85,190,44.7%
766,P028,RUBELLA DNA PCR - QUALITATIVE,3 ml. (2 ml. Minimum) Whole Blood in 1 EDTA tube.,Refrigerated(2-8°C),,Enzyme linked immunosorben t assay (ELISA),4.30 PM,3rd Working Day,2450,3850,63.6%
767,S249,RUBELLA IgG AVIDITY,2 ml. (1 ml. Minimum) Serum,Refrigerated(2-8°C),,ELISA -AVIDITY,4.30 PM,Next day Evening Except Sunday,500,1050,47.6%
768,S061,RUBELLA VIRUS IgG,2 ml. (1 ml. Minimum) Serum,Refrigerated(2-8°C),,Enzyme linked immunosorben t assay (ELISA),4.30 PM,Same Day,115,550,20.9%
769,S062,RUBELLA VIRUS IgM,2 ml. (1 ml. Minimum) Serum,Refrigerated(2-8°C),,Enzyme linked immunosorben t assay (ELISA),4.30 PM,Same Day,115,550,20.9%
770,C232,SAAG(SERUM ASCITES-ALBUMIN GRADIENT),2 ml. (1 ml. Minimum) Serum,Refrigerated(2-8°C),,"Bromo Cresol
Purple Dye Binding-Calculated",5.30 PM,Same Day,230,550,41.8%
771,S117,SALMONELLA TYPHI IgG (TYPHI DOT),2 ml. (1 ml. Minimum) Serum,Refrigerated(2-8°C),,Chromatograp hy,4.30 PM,Same Day,280,650,43.1%
772,S111,SALMONELLA TYPHI IGM (TYPHI DOT),2 ml. (1 ml. Minimum) Serum,Refrigerated(2-8°C),,"L.H.
Chromatograp hy",4.30 PM,Same Day,280,650,43.1%
773,S080,SCL-70 ANTIBODY,2 ml. (1 ml. Minimum) Serum,Refrigerated(2-8°C),,Enzyme Immunoassay (EIA),4.30 PM,Next day Evening Except Sunday,800,1850,43.2%
774,M178,SCRUB TYPHUS ANTIBODY,2 ml. (1 ml. Minimum) Serum,Refrigerated(2-8°C),,Immuno chromatograph y,4.30 PM,Next day Evening Except Sunday,750,1650,45.5%
775,M067,SCRUB TYPHUS IgM ANTIBODY,2 ml. (1 ml. Minimum) Serum,Refrigerated(2-8°C),,Enzyme linked immunosorben t assay (ELISA),4.30 PM,Next day Evening Except Sunday,850,1850,45.9%
776,C1247,SELENIUM,2ml.(1ml. Minimum)WB-EDTA / WB-HEPARIN,Refrigerated(2-8°C),,AAS,4.30 PM,7th Working Day,1850,3550,52.1%
777,H005,SEMEN ANALYSIS,"2 ml. (1 ml. minimum) Semen in a sterile, leak - proof, container. screw capped, plastic cont",AMBIENT (18-25° C),"Only for walk-in patients in main lab on working days Patient should refrain from ejaculation for  2-7 days (ideally 3 days) prior to collection . Specimen must be obtained by masturbation
only.",Light microscopy,5.30 PM,Same Day,100,230,43.5%
778,C289,SEMEN FRUCTOSE,"2 ml. (1 ml. minimum) Semen in a sterile, leak - proof, container. screw capped,
plastic cont",AMBIENT (18-25° C),"Brief clinical history should be mentioned on the TRF along with
contact information",Biochemical Analysis,4.30 PM,Next day Evening Except Sunday,500,1050,47.6%
779,C037,SGOT/AST (ASPARTATE AMINO-TRANSFERASE),2 ml. (1 ml. Minimum) Serum,Refrigerated(2-8°C),"Overnight fasting
(10-12 Hrs) is preferred.",IFCC without pyridoxal phosphate,5.30 PM,Same Day,60,150,40.0%
780,C011,SGPT/ALT (ALANINE AMINO-TRANSFERASE),2 ml. (1 ml. Minimum) Serum,Refrigerated(2-8°C),"Overnight fasting
(10-12 Hrs) is preferred.",IFCC without pyridoxal phosphate,5.30 PM,Same Day,60,150,40.0%
781,C161,SHBG (SEX HORMONE BINDING GLOBULIN) - HORMONE ASSAY,2 ml. (1 ml. Minimum) Serum,Refrigerated(2-8°C),,Electrochemilu minescence,4.30 PM,Next day Evening Except Sunday,1150,2550,45.1%
782,H052,SICKLING TEST,3 ml. (2 ml. Minimum) Whole Blood in 1 EDTA tube.,Refrigerated(2-8°C),,"Deoxygenation
/Microscopy",5.30 PM,Same Day,150,350,42.9%
783,M177,SLIT SKIN SMEAR FOR LEPROSY,ANY SAMPLE,AMBIENT (18-25° C),Send Sample In Sterile Container,Light Microscopy,4.30 PM,3rd Working Day,115,250,46.0%
784,S079,SM/RNP ANTIBODY,2 ml. (1 ml. Minimum) Serum,Refrigerated(2-8°C),,Enzyme linked immunosorben t assay (ELISA),4.30 PM,Next day Evening Except Sunday,650,1550,41.9%
785,M041,SMEAR FOR GONOCOCCI,SMEAR,Refrigerated(2-8°C),Send Sample In Sterile Container,Light Microscopy,5.30 PM,3rd Working Day,115,250,46.0%
786,C162,SODIUM,2 ml. (1 ml. Minimum) Serum,Refrigerated(2-8°C),"Overnight fasting
(10-12 Hrs) is preferred.",Ion Selective Electrode,5.30 PM,Same Day,60,180,33.3%
787,C163,SODIUM - 24 Hrs. Urine,"20 ml. (10 ml. Minimum)
sterile, 24 Hour container. aliquot of urine in a
screw capped , Record 24",Refrigerated(2-8°C),Do not use preservatives,ISE Direct,5.30 PM,Same Day,100,230,43.5%
788,C1292,SODIUM SPOT URINE,"15 ml.(10.0 ml. minimum) aliquot of Morning’s Midstream/Random Urine in
a sterile  leak - proof  screw",Refrigerated(2-8°C),Do Not Freeze,Ion Selective Electrode,5.30 PM,Same Day,60,150,40.0%
789,A057,SPECIAL STAINS,SLIDE/BLOCK/TISSUE,FORMALIN/ETHANO L- FIXATIVE,Brief clinical history mandatory,Microscopy,4.30 PM,2nd Working Day,425,850,50.0%
790,C258,SPOT PROTEIN/CREATININE RATIO,"15 ml.(10.0 ml. minimum) aliquot of Morning’s Midstream/Random Urine in
a sterile  leak - proof  screw",Refrigerated(2-8°C),Do Not Freeze,Modifie Jaffe Kinetic/Biuret,5.30 PM,Same Day,115,250,46.0%
791,M035,STAIN- INDIAN INK,2ml. (1 ml. Minimum) FLUID.,Refrigerated(2-8°C),Send Sample In Sterile Container,Light Microscopy,5.30 PM,Same Day,115,250,46.0%
792,C164,STONE ANALYSIS,Any Sample,AMBIENT (18-25° C),,Spectrophotom etry,5.30 PM,Same Day,650,1450,44.8%
793,H003,STOOL EXAMINATION - ROUTINE,"5ml (3ml. Minimum) Stool in a leak-proof, plastic, screw capped container. Do not use match box or absorbant material",AMBIENT (18-25° C),,Benedict’s Test Microscopy,5.30 PM,Same Day,60,150,40.0%
794,H170,STOOL EXAMINATION FOR CRYPTOSPORIDIUM,"5ml (3ml. Minimum) Stool in a leak-proof, plastic, screw capped container. Do not use match box or absorbant material",AMBIENT (18-25° C),Send Sample In Sterile Container,Light Microscopy,5.30 PM,3rd Working Day,115,250,46.0%
795,H501,STOOL EXAMINATION FOR REDUCING SABSTANCES,"5ml (3ml. Minimum) Stool in a leak-proof, plastic, screw capped container. Do not use match box or absorbant material",AMBIENT (18-25° C),,Benedict’s Test,5.30 PM,Same Day,90,200,45.0%
796,H004,STOOL FOR OCCULT BLOOD,"5gm (3gm Minimum) Stool in a leak-proof, plastic, screw capped container. Do not use match box or absorbant material.",AMBIENT (18-25° C),,"Benzidine, Microscopy",5.30 PM,Same Day,60,150,40.0%
797,H502,STOOL FOR PH LEVEL,"5ml (3ml. Minimum) Stool in a leak-proof, plastic, screw capped container. Do not use match box or absorbant material",AMBIENT (18-25° C),,Chemical Method,5.30 PM,Same Day,45,100,45.0%
798,S142,STREPTOCOCCUS GROUP B ANTIGEN,CSF/Fld/Spt/Pus/OT/P,Refrigerated(2-8°C),,Latex Agglutination,4.30 PM,Next day Evening Except Sunday,1050,2050,51.2%
799,H073,SUPRESSOR T - CELL MARKER : CD 8,"2 ml. (1 ml. Minimum) Whole blood (EDTA,or Heparin ), Plasma or Serum",Refrigerated(2-8°C),Brief clinical history mandatory,Flow Cytometry-BD FACSC Calibur,4.30 PM,2nd Working Day,1050,1550,67.7%
800,H009,SYNOVIAL FLUID FOR CRYSTALS,2ml. (1 ml. Minimum) SYNOVIAL FLUID.,AMBIENT (18-25° C),Brief clinical history mandatory,Polarization Microscopy,4.30 PM,Next day Evening Except Sunday,230,600,38.3%
801,H069,T-CELL/B-CELL SUBSET MARKER : CD5,"2 ml. (1 ml. Minimum) Whole blood (EDTA,or Heparin ), Plasma or Serum",Refrigerated(2-8°C),Brief clinical history mandatory,Flow Cytometry-BD FACSC Calibur,4.30 PM,Next day Evening Except Sunday,1050,1550,67.7%
802,C308,TACROLIMUS - DRUG ASSAY,3 ml. (2 ml. Minimum) Whole Blood in 1 EDTA tube.,Refrigerated(2-8°C),,"Chemiluminesc enceMicroparti cle
Immunoassay(",4.30 PM,Next day Evening Except Sunday,1650,3550,46.5%
803,C165,TESTOSTERONE FREE - HORMONE ASSAYS,2 ml. (1 ml. Minimum) Serum,Refrigerated(2-8°C),,Enzyme linked immunosorben t assay (ELISA),4.30 PM,Next day Evening Except Sunday,450,1150,39.1%
804,C166,TESTOSTERONE TOTAL,2 ml. (1 ml. Minimum) Serum,Refrigerated(2-8°C),,"Chemiluminesc
ence Immunoassay (CLIA)",5.30 PM,Same Day,200,600,33.3%
805,P088,THALASSEMIA BETA GLOBIN GENE SEQUENCING,3 ml. (2 ml. Minimum) Whole Blood in 1 EDTA tube.,Refrigerated(2-8°C),,Gene Sequencing,4.30 PM,21st Working Day,10500,15500,67.7%
806,C288,THEOPHYLIN,2 ml. (1 ml. Minimum) Serum,Refrigerated(2-8°C),,"Chemiluminesc
ence Immunoassay (CLIA)",4.30 PM,Next day Evening Except Sunday,600,1150,52.2%
807,H053,THROMBIN TIME,2ml. (1 ml. Minimum)Plasma in 1 Sodium Citrate (Light Blue Top) tube.,Refrigerated(2-8°C),,"Coagulation
Method Electro mechanical Clot Detection",5.30 PM,Same Day,175,400,43.8%
808,C1248,THROMBOTIC PROFILE,2ml.(1ml.minimum) Sodium Citrate,Refrigerated(2-8°C),,"Spectrophotom
etry Turbidometry Enhanced",4.30 PM,Next day Evening Except Sunday,7500,12500,60.0%
809,C167,THYROGLOBULIN,2 ml. (1 ml. Minimum) Serum,Refrigerated(2-8°C),,"Chemiluminesc
ence Immunoassay (CLIA)",4.30 PM,Next day Evening Except Sunday,750,1650,45.5%
810,P91,THYROID PROFILE,2 ml. (1 ml. Minimum) Serum,Refrigerated(2-8°C),,"Chemiluminesc
ence Immunoassay (CLIA)",5.30 PM,Same Day,115,600,19.2%
811,P92,THYROID PROFILE FREE,2 ml. (1 ml. Minimum) Serum,Refrigerated(2-8°C),,"Chemiluminesc
ence Immunoassay (CLIA)",5.30 PM,Same Day,150,700,21.4%
812,C168,THYROID STIMULATING HORMONE (TSH),2 ml. (1 ml. Minimum) Serum,Refrigerated(2-8°C),,"Chemiluminesc
ence Immunoassay (CLIA)",5.30 PM,Same Day,45,300,15.0%
813,C213,THYROXINE BINDING GLOBULIN,2 ml. (1 ml. Minimum) Serum,Refrigerated(2-8°C),,Electrochemilu minescence,4.30 PM,Next day Evening Except Sunday,3550,5550,64.0%
814,C169,THYROXINE FREE (FT4),2 ml. (1 ml. Minimum) Serum,Refrigerated(2-8°C),,"Chemiluminesc
ence Immunoassay (CLIA)",5.30 PM,Same Day,70,350,20.0%
815,C170,THYROXINE TOTAL (T4),2 ml. (1 ml. Minimum) Serum,Refrigerated(2-8°C),,"Chemiluminesc
ence Immunoassay (CLIA)",5.30 PM,Same Day,45,300,15.0%
816,C239,TIBC (TOTAL IRON BINDING CAPACITY),2 ml. (1 ml. Minimum) Serum,Refrigerated(2-8°C),"Must Record date of birth,
sex, race and religion, history of blood transfusion with date and number of",See Individual Assays,5.30 PM,Same Day,115,250,46.0%
817,S103,TISSUE TRANSGLUTAMINASE ANTIBODY IGA (TTG IgA),2 ml. (1 ml. Minimum) Serum,Refrigerated(2-8°C),,Enzyme linked immunosorben t assay (ELISA),4.30 PM,Same Day,500,1250,40.0%
818,S104,TISSUE TRANSGLUTAMINASE IGG ANTIBODY,2 ml. (1 ml. Minimum) Serum,Refrigerated(2-8°C),,Enzyme linked immunosorben t assay (ELISA),4.30 PM,Same Day,500,1250,40.0%
819,S105,TISSUE TRANSGLUTAMINASE IGM ANTIBODY,2 ml. (1 ml. Minimum) Serum,Refrigerated(2-8°C),,Enzyme linked immunosorben t assay (ELISA),4.30 PM,Same Day,500,1250,40.0%
820,H054,TLC & DLC,"3 ml.(2 ml. Minimum) Whole blood in 1
EDTA (Lavender Top) tube and 2 unstained peripheral blood smears, air dried & sent in a slide mailer",Refrigerated(2-8°C),,"Microscopy/
VCS
Technology Microscopy",5.30 PM,Same Day,70,180,38.9%
821,C176,TOTAL IgE,2 ml. (1 ml. Minimum) Serum,Refrigerated(2-8°C),,"Chemiluminesc
ence Immunoassay (CLIA)",5.30 PM,Same Day,230,650,35.4%
822,H059,TOTAL LEUKOCYTE COUNT (TLC),3 ml. (2 ml. Minimum) Whole Blood in 1 EDTA tube.,Refrigerated(2-8°C),,Coulter Principle (Impedance),5.30 PM,Same Day,70,180,38.9%
823,P022,TOXOPLASMA DNA PCR - QUALITATIVE,"2 ml. (1 ml. Minimum) Whole blood (EDTA ), Plasma or Serum",Refrigerated(2-8°C),,Real Time PCR,4.30 PM,3rd Working Day,2450,3850,63.6%
824,S064,TOXOPLASMA GONDII IgG,2 ml. (1 ml. Minimum) Serum,Refrigerated(2-8°C),,Enzyme linked immunosorben t assay (ELISA),4.30 PM,Same Day,115,550,20.9%
825,S063,TOXOPLASMA GONDII IgM,2 ml. (1 ml. Minimum) Serum,Refrigerated(2-8°C),,Enzyme linked immunosorben t assay (ELISA),4.30 PM,Same Day,115,550,20.9%
826,C1244,TOXOPLASMA IgG AVIDITY,2 ml. (1 ml. Minimum) Serum,Refrigerated(2-8°C),,"Chemiluminesc
ence Immunoassay (CLIA)",4.30 PM,Next day Evening Except Sunday,500,1050,47.6%
827,S065,TPHA (TREPONEMA PALLIDUM HAEMAGGIUTINATION),2 ml. (1 ml. Minimum) Serum,Refrigerated(2-8°C),,Agglutination,5.30 PM,Same Day,280,750,37.3%
828,C280,TPMT ENZYME ACTIVITY,2 ml. (1 ml. Minimum) Whole Blood from EDTA or Heparin .,Refrigerated(2-8°C),,,4.30 PM,2nd Working Day,3450,5050,68.3%
829,C171,TRANSFERRIN,2 ml. (1 ml. Minimum) Serum,Refrigerated(2-8°C),"Must Record date of birth,
sex, race and religion, history of blood transfusion with date and number of",See Individual Assays,5.30 PM,Same Day,575,1050,54.8%
830,C233,TRANSFERRIN SATURATION,2 ml. (1 ml. Minimum) Serum,Refrigerated(2-8°C),,Electrochemilu minescence,5.30 PM,Same Day,280,750,37.3%
831,C315,TRIGLYCERIDE - URINE,"15 ml.(10.0 ml. minimum) aliquot of Morning’s Midstream/Random Urine in
a sterile  leak - proof  screw",Refrigerated(2-8°C),Do Not Freeze,Enzymatic Colorimetric,5.30 PM,Same Day,100,230,43.5%
832,C172,TRIGLYCERIDES - Serum,2 ml. (1 ml. Minimum) Serum,Refrigerated(2-8°C),,Spectrophotom etry,5.30 PM,Same Day,100,230,43.5%
833,C173,TRIODOTHYRONINE FREE (FT3),2 ml. (1 ml. Minimum) Serum,Refrigerated(2-8°C),,"Chemiluminesc
ence Immunoassay (CLIA)",5.30 PM,Same Day,70,350,20.0%
834,C174,TRIODOTHYRONINE TOTAL (T3),2 ml. (1 ml. Minimum) Serum,Refrigerated(2-8°C),,"Chemiluminesc
ence Immunoassay (CLIA)",5.30 PM,Same Day,45,300,15.0%
835,C175,TROPONIN - I,2 ml. (1 ml. Minimum) Serum,Refrigerated(2-8°C),,"L.H.
Chromatograp hy/ELISA",5.30 PM,Same Day,800,1650,48.5%
836,C209,TROPONIN - T,2 ml. (1 ml. Minimum) Whole Blood From EDTA,Refrigerated(2-8°C),,"L.H.
Chromatograp hy/ELISA",5.30 PM,Same Day,800,1650,48.5%
837,S112,TUBERCULOSIS - GAMMA INTERFERON - QUANTIFERON,5ml.(3ml Minimum) blood in green top Heparin veil,Refrigerated(2-8°C),Please Send Sample In Lithium Heparin Tube,Enzyme linked immunosorben t assay (ELISA),5.30 PM,2nd Working Day,950,2250,42.2%
838,C276,TUMOR NECROSIS FACTOR (TNF) - ALPHA,2 ml. (1 ml. Minimum) Serum,Refrigerated(2-8°C),,"Chemiluminesc
ence Immunoassay (CLIA)",4.30 PM,2nd Working Day,2050,3550,57.7%
839,S109,U1-NRNP ANTIBODIES,2 ml. (1 ml. Minimum) Serum,Refrigerated(2-8°C),,Enzyme linked immunosorben t assay (ELISA),4.30 PM,Next day Evening Except Sunday,1150,2450,46.9%
840,C005,UIBC--SERUM,"2 ml. (1 ml. Minimum) Whole blood (EDTA,or Heparin ), Plasma or Serum",Refrigerated(2-8°C),,Direct Determination With Ferrozinc,5.30 PM,Same Day,175,400,43.8%
841,C1304,UREA - 24Hrs. Urine,"20 ml. (10 ml. Minimum)
sterile, 24 Hour container. aliquot of urine in a
screw capped , Record 24",Refrigerated(2-8°C),Do Not Freeze,Spectrophotom etry,5.30 PM,Same Day,100,230,43.5%
842,C177,UREA - SERUM,2 ml. (1 ml. Minimum) Serum,Refrigerated(2-8°C),,"Urease
Colorimetric Spectrophotom etry Calculated",5.30 PM,Same Day,60,150,40.0%
843,C195,UREA - URINE SPOT,"15 ml.(10.0 ml. minimum) aliquot of Morning’s Midstream/Random Urine in
a sterile  leak - proof  screw",Refrigerated(2-8°C),Do Not Freeze,"Chemiluminesc
ence Immunoassay (CLIA)",5.30 PM,Same Day,100,230,43.5%
844,C237,UREA / CREATININE RATIO,2 ml. (1 ml. Minimum) Serum,Refrigerated(2-8°C),,"Urease
Colorimetric Spectrophotom etry Calculated",5.30 PM,Same Day,175,350,50.0%
845,C178,URIC ACID -  SERUM,2 ml. (1 ml. Minimum) Serum,Refrigerated(2-8°C),"Overnight fasting
(10-12 Hrs) is preferred.",Spectrophotom etry,5.30 PM,Same Day,60,150,40.0%
846,C1305,URIC ACID URINE SPOT,"15 ml.(10.0 ml. minimum) aliquot of Morning’s Midstream/Random Urine in
a sterile  leak - proof  screw",Refrigerated(2-8°C),Do Not Freeze,"Urease
Colorimetric Spectrophotom etry Calculated",5.30 PM,Same Day,100,230,43.5%
847,C199,URIC ACID-URINE 24 Hrs. Urine,"20 ml. (10 ml. Minimum)
sterile, 24 Hour container. aliquot of urine in a
screw capped , Record 24",Refrigerated(2-8°C),Do Not Freeze,Spectrophotom etry,5.30 PM,Same Day,100,230,43.5%
848,C1313,"URINARY ELECTROLYTES (Na,K & Cl)","15 ml.(10.0 ml. minimum) aliquot of Morning’s Midstream/Random Urine in
a sterile  leak - proof  screw",Refrigerated(2-8°C),Do Not Freeze,ISE DIRECT,5.30 PM,Same Day,450,950,47.4%
849,C227,URINE DRUG SCREEN - PHENCYCLIDINE,"15 ml.(10.0 ml. minimum) aliquot of Morning’s Midstream/Random Urine in
a sterile  leak - proof  screw",Refrigerated(2-8°C),Do Not Freeze,LFIC,4.30 PM,Next day Evening Except Sunday,550,1150,47.8%
850,C226,URINE DRUG SCREEN -AMPHETAMINES,"15 ml.(10.0 ml. minimum) aliquot of Morning’s Midstream/Random Urine in
a sterile  leak - proof  screw",Refrigerated(2-8°C),Do Not Freeze,"Lateral Flow
Immuno Chromatograp hy",4.30 PM,Next day Evening Except Sunday,550,1150,47.8%
851,C201,URINE DRUG SCREEN - BENZODIAZEPINES,"15 ml.(10.0 ml. minimum) aliquot of Morning’s Midstream/Random Urine in
a sterile  leak - proof  screw",Refrigerated(2-8°C),Do Not Freeze,"Lateral Flow
Immuno Chromatograp hy",4.30 PM,Next day Evening Except Sunday,550,1150,47.8%
852,H503,URINE DRUG SCREEN-BARBITURATES,"15 ml.(10.0 ml. minimum) aliquot of Morning’s Midstream/Random Urine in
a sterile  leak - proof  screw",Refrigerated(2-8°C),Do Not Freeze,"Lateral Flow
Immuno Chromatograp hy",5.30 PM,Same Day,550,1150,47.8%
853,C303,URINE DRUG SCREEN-CANNABINOIDS,"15 ml.(10.0 ml. minimum) aliquot of Morning’s Midstream/Random Urine in
a sterile  leak - proof  screw",Refrigerated(2-8°C),Do Not Freeze,"Lateral Flow
Immuno Chromatograp hy",4.30 PM,Next day Evening Except Sunday,550,1150,47.8%
854,C222,URINE DRUG SCREEN-COCAINE,"15 ml.(10.0 ml. minimum) aliquot of Morning’s Midstream/Random Urine in
a sterile  leak - proof  screw",Refrigerated(2-8°C),Do Not Freeze,"Lateral Flow
Immuno Chromatograp hy",4.30 PM,Next day Evening Except Sunday,550,1150,47.8%
855,C301,URINE DRUG SCREEN-CODEINE,"15 ml.(10.0 ml. minimum) aliquot of Morning’s Midstream/Random Urine in
a sterile  leak - proof  screw",Refrigerated(2-8°C),Do Not Freeze,"Lateral Flow
Immuno Chromatograp hy",4.30 PM,Next day Evening Except Sunday,550,1150,47.8%
856,C299,URINE DRUG SCREEN-HEROIN,"15 ml.(10.0 ml. minimum) aliquot of Morning’s Midstream/Random Urine in
a sterile  leak - proof  screw",Refrigerated(2-8°C),Do Not Freeze,"Lateral Flow
Immuno Chromatograp hy",4.30 PM,Next day Evening Except Sunday,550,1150,47.8%
857,C271,URINE DRUG SCREEN-MORPHINE,"15 ml.(10.0 ml. minimum) aliquot of Morning’s Midstream/Random Urine in
a sterile  leak - proof  screw",Refrigerated(2-8°C),Do Not Freeze,"Lateral Flow
Immuno Chromatograp hy",4.30 PM,Next day Evening Except Sunday,550,1150,47.8%
858,C220,URINE DRUG SCREEN-OPIATES,"15 ml.(10.0 ml. minimum) aliquot of Morning’s Midstream/Random Urine in
a sterile  leak - proof  screw",Refrigerated(2-8°C),Do Not Freeze,"Lateral Flow
Immuno Chromatograp hy",4.30 PM,Next day Evening Except Sunday,550,1150,47.8%
859,H001,URINE EXAMINATION ROUTINE,"15 ml.(10.0 ml. minimum) aliquot of Morning’s Midstream/Random Urine in
a sterile  leak - proof  screw",Refrigerated(2-8°C),Do Not Freeze,"Double
Indicators Test Refractometric Oxidation",5.30 PM,Same Day,45,100,45.0%
860,C197,URINE FOR CHYLE,"15 ml.(10.0 ml. minimum) aliquot of Morning’s Midstream/Random Urine in
a sterile  leak - proof  screw",Refrigerated(2-8°C),Do Not Freeze,Chemical Method,4.30 PM,Next day Evening Except Sunday,250,600,41.7%
861,H008,URINE FOR FAT GLOBULES,"15 ml.(10.0 ml. minimum) aliquot of Morning’s Midstream/Random Urine in
a sterile  leak - proof  screw",Refrigerated(2-8°C),Do Not Freeze,Light Microscopy,5.30 PM,Same Day,90,200,45.0%
862,C153,URINE PROTEIN - 24Hrs. Urine,"20 ml. (10 ml. Minimum)
sterile, 24 Hour container. aliquot of urine in a
screw capped , Record 24",Refrigerated(2-8°C),Do Not Freeze,Spectrophotom etry,4.30 PM,Same Day,100,230,43.5%
863,C179,VALPROIC ACID (SODIUM VALPROATE),2 ml. (1 ml. Minimum) Serum,Refrigerated(2-8°C),,Spectrophotom etry,5.30 PM,Same Day,450,950,47.4%
864,S078,VARICELLA ZOSTER VIRUS IGM (CHICKEN POX) - INFECTION,2 ml. (1 ml. Minimum) Serum,Refrigerated(2-8°C),,Enzyme linked immunosorben t assay (ELISA),4.30 PM,Next day Evening Except Sunday,750,1650,45.5%
865,C644,VITAMIN A (RATINOL),2 ml. (1 ml. Minimum) Serum,Refrigerated(2-8°C),"IF SERUM COLLECTED: Do
not use SST gel barrier tubes. IF PLASMA COLLECTED:
Separate plasma",ELISA/HPLC,4.30 PM,2nd Working Day,2050,4250,48.2%
866,C316,VITAMIN B1 (THIAMINE),"IF SERUM COLLECTED: 2 ml. (1 ml. Minimum)
Serum from 1 SST (Red top with no additive).Separate serum from cells within 1 hour of collection. IF PLASMA COLLECTED: 2","FROZEN  (-20°C) in
dry ice.","IF SERUM COLLECTED: Do
not use SST gel barrier tubes. IF PLASMA COLLECTED:
Separate plasma",ELISA/HPLC,4.30 PM,2nd Working Day,2050,4250,48.2%
867,C180,VITAMIN B12 (CYANOCOBALAMIN),2 ml. (1 ml. Minimum) Serum,Refrigerated(2-8°C),,"Chemiluminesc
ence Immunoassay (CLIA)",5.30 PM,Same Day,200,850,23.5%
868,C317,VITAMIN B6  (PYRIDOXINE),"IF SERUM COLLECTED: 2 ml. (1 ml. Minimum)
Serum from 1 SST (Red top with no additive).Separate serum from cells within 1 hour of collection. IF PLASMA COLLECTED: 2","FROZEN  (-20°C) in
dry ice.","IF SERUM COLLECTED: Do
not use SST gel barrier tubes. IF PLASMA COLLECTED:
Separate plasma",ELISA/HPLC,4.30 PM,2nd Working Day,2050,4250,48.2%
869,C307,VITAMIN C (ASCORBIC ACID),2 ml. (1 ml. Minimum) Serum / WB-EDTA,"FROZEN  (-20°C) in
dry ice.","IF SERUM COLLECTED: Do
not use SST gel barrier tubes. IF PLASMA COLLECTED:
Separate plasma",ELISA/HPLC,4.30 PM,2nd Working Day,2050,4250,48.2%
870,C189,VITAMIN D 25-HYDROXY,2 ml. (1 ml. Minimum) Serum,Refrigerated(2-8°C),,"Enhanced
Chemiluminesc ence (Ultre Sensitive 4th",5.30 PM,Same Day,550,1200,45.8%
871,C215,VITAMIN E (TOCOPHEROL),2ml.(1ml. Minimum)EDTA Plasma/Serum,Refrigerated(2-8°C),,ELISA/HPLC,4.30 PM,Next day Evening Except Sunday,2250,5050,44.6%
872,C235,VLDL -VERY LOW DENSITY LIPOPROTEIN,2 ml. (1 ml. Minimum) Serum,Refrigerated(2-8°C),,Calculated,5.30 PM,Same Day,150,350,42.9%
873,C181,VMA - 24Hrs. Urine,"20 ml. (10 ml. Minimum)
sterile, 24 Hour container. aliquot of urine in a
screw capped , Record 24",Refrigerated(2-8°C),Do not use preservatives,"Biochemical
Column ChromatuGrap hy",4.30 PM,Next day Evening Except Sunday,2050,4250,48.2%
874,H062,VON WILLEBRAND FACTOR ANTIGEN; VWF,2ml. (1 ml. Minimum) Plasma in 1 Sodium Citrate (Light Blue Top) tube.,Refrigerated(2-8°C),Brief clinical history mandatory,Latex Immunoassay,4.30 PM,Next day Evening Except Sunday,6850,13800,49.6%
875,S069,WEIL FELIX TEST - INFECTIOUS DISEASES,2 ml. (1 ml. Minimum) Serum,Refrigerated(2-8°C),,Heterophile agglutination,4.30 PM,Next day Evening Except Sunday,500,1050,47.6%
876,S070,WIDAL (SLIDE AGGLUTINATION),2 ml. (1 ml. Minimum) Serum,Refrigerated(2-8°C),,Slide Immunoassay Method,5.30 PM,Same Day,60,150,40.0%
877,S071,WIDAL (TUBE AGGLUTINATION),2 ml. (1 ml. Minimum) Serum,Refrigerated(2-8°C),,TUBE IMMUNOASSA Y METHOD,4.30 PM,Next day Evening Except Sunday,100,230,43.5%
878,C185,ZINC -Serum,3 mL ( 1 ml. Minimum ) serum from metal free SST.,Refrigerated(2-8°C),"Overnight fasting
(10-12 Hrs) is preferred. The patient should strictly avoid eating sea/fresh water Fish",AAS (Atomic Absorption Spectrometry ),4.30 PM,Next day Evening Except Sunday,1050,2050,51.2%
879,C184,ZINC- URINE,"15 ml.(10.0 ml. minimum) aliquot of Morning’s Midstream/Random Urine in
a sterile  leak - proof  screw",Refrigerated(2-8°C),Do Not Freeze,AAS (Atomic Absorption Spectrometry ),4.30 PM,Next day Evening Except Sunday,1050,2050,51.2%
880,C183,ZINC-Plasma,2ml.(1ml. Minimum)WB-EDTA,Refrigerated(2-8°C),"Overnight fasting
(10-12 Hrs) is preferred. The patient should strictly avoid eating sea/fresh water Fish",AAS (Atomic Absorption Spectrometry ),4.30 PM,Next day Evening Except Sunday,1050,2050,51.2%